headword,meaning_ja,zhuyin,pinyin,pos,tocfl_level,taiwan_usage,source,entry_type,scene_tags,notes
貪心,欲深い,ㄊㄢ ㄒㄧㄣ,tānxīn,状態動詞(形容詞),7,common,ai,word,,
談論,論じる/話し合う,ㄊㄢˊ ㄌㄨㄣˋ,tánlùn,動詞,7,common,ai,word,,
彈性,柔軟性/弾力性,ㄊㄢˊ ㄒㄧㄥˋ,tánxìng,名詞,7,common,ai,word,,
坦克,戦車,ㄊㄢˇ ㄎㄜˋ,tǎnkè,名詞,7,common,ai,word,,
坦然,平然とした/落ち着いた,ㄊㄢˇ ㄖㄢˊ,tǎnrán,状態動詞(形容詞),7,common,ai,word,,
探病,見舞う,ㄊㄢˋ ㄅㄧㄥˋ,tànbìng,離合動詞,7,common,ai,word,,
探究,究明する/探求する,ㄊㄢˋ ㄐㄧㄡˋ,tànjiù,動詞,7,common,ai,word,,
探索,探索する/探る,ㄊㄢˋ ㄙㄨㄛˇ,tànsuǒ,動詞,7,common,ai,word,,
探望,訪ねる/見舞う,ㄊㄢˋ ㄨㄤˋ,tànwàng,動詞,7,common,ai,word,,
探險,冒険する,ㄊㄢˋ ㄒㄧㄢˇ,tànxiǎn,自動詞,7,common,ai,word,,
堂堂,堂々とした/立派な,ㄊㄤˊ ㄊㄤˊ,tángtáng,状態動詞(形容詞),7,common,ai,word,,
倘若,もし〜ならば,ㄊㄤˇ ㄖㄨㄛˋ,tǎngruò,接続詞,7,common,ai,word,,
逃生,避難する/逃げ延びる,ㄊㄠˊ ㄕㄥ,táoshēng,自動詞,7,common,ai,word,,
逃稅,脱税する,ㄊㄠˊ ㄕㄨㄟˋ,táoshuì,離合動詞,7,common,ai,word,,
淘汰,淘汰する/選別する,ㄊㄠˊ ㄊㄞˋ,táotài,動詞,7,common,ai,word,,
套房,スイートルーム/個室,ㄊㄠˋ ㄈㄤˊ,tàofáng,名詞,7,common,ai,word,,
套裝,スーツ/セット,ㄊㄠˋ ㄓㄨㄤ,tàozhuāng,名詞,7,common,ai,word,,
特此,ここに/この場を借りて,ㄊㄜˋ ㄘˇ,tècǐ,副詞,7,common,ai,word,,
特區,特別区,ㄊㄜˋ ㄑㄩ,tèqū,名詞,7,common,ai,word,,
特權,特権,ㄊㄜˋ ㄑㄩㄢˊ,tèquán,名詞,7,common,ai,word,,
特約,特別契約の/専属の,ㄊㄜˋ ㄩㄝ,tèyuē,状態動詞(連体用),7,common,ai,word,,
特徵,特徴,ㄊㄜˋ ㄓㄥ,tèzhēng,名詞,7,common,ai,word,,
疼愛,慈しむ/可愛がる,ㄊㄜˊnㄍㄞˋ,téngài,状態動詞,7,common,ai,word,,
剔除,取り除く/排除する,ㄊㄧ ㄔㄨˊ,tīchú,動詞,7,common,ai,word,,
啼,泣く/鳴く,ㄊㄧˊ,tí,自動詞,7,common,ai,word,,
提拔,抜擢する/昇進させる,ㄊㄧˊ ㄅㄚˊ,tíbá,動詞,7,common,ai,word,,
提倡,提唱する/推奨する,ㄊㄧˊ ㄔㄤˋ,tíchàng,動詞,7,common,ai,word,,
提出,提出する/提案する,ㄊㄧˊ ㄔㄨ,tíchū,変化動詞,7,common,ai,word,,
提及,言及する,ㄊㄧˊ ㄐㄧˊ,tíjí,動詞,7,common,ai,word,,
提名,指名する,ㄊㄧˊ ㄇㄧㄥˊ,tímíng,動詞,7,common,ai,word,,
提升,向上させる/引き上げる,ㄊㄧˊ ㄕㄥ,tíshēng,動詞,7,common,ai,word,,原表記: 提升/提昇
提議,提案する/提議する,ㄊㄧˊ ㄧˋ,tíyì,動詞,7,common,ai,word,,
體操,体操,ㄊㄧˇ ㄘㄠ,tǐcāo,名詞,7,common,ai,word,,
體格,体格,ㄊㄧˇ ㄍㄜˊ,tǐgé,名詞,7,common,ai,word,,
體積,体積/容積,ㄊㄧˇ ㄐㄧ,tǐjī,名詞,7,common,ai,word,,
體諒,思いやる/理解する,ㄊㄧˇ ㄌㄧㄤˋ,tǐliàng,状態動詞,7,common,ai,word,,
體面,面目がある/立派な,ㄊㄧˇ ㄇㄧㄢˋ,tǐmiàn,状態動詞(形容詞),7,common,ai,word,,
體系,体系/システム,ㄊㄧˇ ㄒㄧˋ,tǐxì,名詞,7,common,ai,word,,
體質,体質,ㄊㄧˇ ㄓˊ,tǐzhí,名詞,7,common,ai,word,,
替代,代用する/取って代わる,ㄊㄧˋ ㄉㄞˋ,tìdài,状態動詞,7,common,ai,word,,
添,加える/増やす,ㄊㄧㄢ,tiān,動詞,7,common,ai,word,,
天然氣,天然ガス,ㄊㄧㄢ ㄖㄢˊ ㄑㄧˋ,tiānránqì,名詞,7,common,ai,word,,
天性,天性/本性,ㄊㄧㄢ ㄒㄧㄥˋ,tiānxìng,名詞,7,common,ai,word,,
田地,畑/耕地,ㄊㄧㄢˊ ㄉㄧˋ,tiándì,名詞,7,common,ai,word,,
田徑,陸上競技,ㄊㄧㄢˊ ㄐㄧㄥˋ,tiánjìng,名詞,7,common,ai,word,,
甜美,甘美な/心地よい,ㄊㄧㄢˊ ㄇㄟˇ,tiánměi,状態動詞(形容詞),7,common,ai,word,,
挑剔,選り好みする,ㄊㄧㄠ ㄊㄧ,tiāotī,動詞,7,common,ai,word,,
調和,調和する/仲裁する,ㄊㄧㄠˊ ㄏㄜˊ,tiáohé,動詞/状態動詞(形容詞),7,common,ai,word,,
調節,調整する/調節する,ㄊㄧㄠˊ ㄐㄧㄝˊ,tiáojié,動詞,7,common,ai,word,,
調皮,いたずらな,ㄊㄧㄠˊ ㄆㄧˊ,tiáopí,状態動詞(形容詞),7,common,ai,word,,
條例,条例/規則,ㄊㄧㄠˊ ㄌㄧˋ,tiáolì,名詞,7,common,ai,word,,
聽寫,書き取り/聴音,ㄊㄧㄥ ㄒㄧㄝˇ,tīngxiě,動詞,7,common,ai,word,,
停頓,一時停止する,ㄊㄧㄥˊ ㄉㄨㄣˋ,tíngdùn,自動詞,7,common,ai,word,,
停留,滞在する/留まる,ㄊㄧㄥˊ ㄌㄧㄡˊ,tíngliú,自動詞,7,common,ai,word,,
停滯,停滞する,ㄊㄧㄥˊ ㄓˋ,tíngzhì,自動詞,7,common,ai,word,,
通報,通報する/通知する,ㄊㄨㄥ ㄅㄠˋ,tōngbào,動詞,7,common,ai,word,,
通車,開通する/通勤する,ㄊㄨㄥ ㄔㄜ,tōngchē,変化動詞,7,common,ai,word,,
通稱,通称する/通称,ㄊㄨㄥ ㄔㄥ,tōngchēng,状態動詞,7,common,ai,word,,
通貨膨脹,インフレ,ㄊㄨㄥ ㄏㄨㄛˋ ㄆㄥˊ ㄓㄤˋ,tōnghuòpéngzhàng,状態動詞(形容詞),7,common,ai,word,,
通緝,指名手配する,ㄊㄨㄥ ㄑㄧˋ,tōngqì,動詞,7,common,ai,word,,
通行,通行する/通用する,ㄊㄨㄥ ㄒㄧㄥˊ,tōngxíng,自動詞,7,common,ai,word,,
通用,広く通用する,ㄊㄨㄥ ㄩㄥˋ,tōngyòng,状態動詞(連体用),7,common,ai,word,,
同伴,仲間/連れ,ㄊㄨㄥˊ ㄅㄢˋ,tóngbàn,名詞,7,common,ai,word,,
同化,同化する,ㄊㄨㄥˊ ㄏㄨㄚˋ,tónghuà,動詞,7,common,ai,word,,
同鄉,同郷の人,ㄊㄨㄥˊ ㄒㄧㄤ,tóngxiāng,名詞,7,common,ai,word,,
同心,心を一つにする,ㄊㄨㄥˊ ㄒㄧㄣ,tóngxīn,状態動詞(形容詞),7,common,ai,word,,
同性戀,同性愛,ㄊㄨㄥˊ ㄒㄧㄥˋ ㄌㄧㄢˋ,tóngxìngliàn,名詞,7,common,ai,word,,
同業,同業者,ㄊㄨㄥˊ ㄧㄝˋ,tóngyè,名詞,7,common,ai,word,,
統統,すべて/残らず,ㄊㄨㄥˇ ㄊㄨㄥˇ,tǒngtǒng,副詞,7,common,ai,word,,
統制,統制する,ㄊㄨㄥˇ ㄓˋ,tǒngzhì,動詞,7,common,ai,word,,
痛恨,痛恨する/ひどく憎む,ㄊㄨㄥˋ ㄏㄣˋ,tònghèn,状態動詞,7,common,ai,word,,
偷渡,密入国する,ㄊㄡ ㄉㄨˋ,tōudù,自動詞,7,common,ai,word,,
偷懶,怠ける,ㄊㄡ ㄌㄢˇ,tōulǎn,状態動詞(形容詞),7,common,ai,word,,
投保,保険をかける,ㄊㄡˊ ㄅㄠˇ,tóubǎo,動詞,7,common,ai,word,,
投機,気が合う/投機する,ㄊㄡˊ ㄐㄧ,tóujī,状態動詞(形容詞),7,common,ai,word,,
透明,透明な/公明正大な,ㄊㄡˋ ㄇㄧㄥˊ,tòumíng,状態動詞(形容詞),7,common,ai,word,,
徒弟,弟子,ㄊㄨˊ ㄉㄧˋ,túdì,名詞,7,common,ai,word,,
突擊,突撃する/急ぎ行う,ㄊㄨˊ ㄐㄧˊ,tújí,動詞,7,common,ai,word,,
突兀,そびえ立つ/突然の,ㄊㄨˊ ㄨˋ,túwù,状態動詞(形容詞),7,common,ai,word,,
塗,塗る,ㄊㄨˊ,tú,動詞,7,common,ai,word,,
圖,図/絵 / 図/絵,ㄊㄨˊ / ㄊㄨˊ,tú / tú,動詞,3,common,ai,word,,多音字/多義語: 複数の発音・意味を統合
圖表,図表,ㄊㄨˊ ㄅㄧㄠˇ,túbiǎo,名詞,7,common,ai,word,,
圖騰,トーテム,ㄊㄨˊ ㄊㄥˊ,túténg,名詞,7,common,ai,word,,
土壤,土壌,ㄊㄨˇ ㄖㄤˇ,tǔrǎng,名詞,7,common,ai,word,,
團聚,再会する,ㄊㄨㄢˊ ㄐㄩˋ,tuánjù,状態動詞(形容詞),7,common,ai,word,,
團員,団員/メンバー,ㄊㄨㄢˊ ㄩㄢˊ,tuányuán,名詞,7,common,ai,word,,
推測,推測する,ㄊㄨㄟ ㄘㄜˋ,tuīcè,動詞,7,common,ai,word,,
推崇,崇拝する/高く評価する,ㄊㄨㄟ ㄔㄨㄥˊ,tuīchóng,状態動詞,7,common,ai,word,,
推出,押し出す/発売する,ㄊㄨㄟ ㄔㄨ,tuīchū,変化動詞,7,common,ai,word,,
推選,選出する,ㄊㄨㄟ ㄒㄩㄢˇ,tuīxuǎn,動詞,7,common,ai,word,,
退化,退化する,ㄊㄨㄟˋ ㄏㄨㄚˋ,tuìhuà,変化動詞,7,common,ai,word,,
吞吞吐吐,口ごもる,ㄊㄨㄣ ㄊㄨㄣ ㄊㄨˇ ㄊㄨˇ,tūntūntǔtǔ,自動詞,7,common,ai,word,,
托,支える/託す,ㄊㄨㄛ,tuō,動詞,7,common,ai,word,,
拖累,巻き添えにする/負担をかける,ㄊㄨㄛ ㄌㄟˋ,tuōlèi,動詞,7,common,ai,word,,
拖延,引き延ばす/先延ばしする,ㄊㄨㄛ ㄧㄢˊ,tuōyán,状態動詞,7,common,ai,word,,
脫身,抜け出す/逃れる,ㄊㄨㄛ ㄕㄣ,tuōshēn,変化動詞,7,common,ai,word,,
脫手,処分する/売り払う,ㄊㄨㄛ ㄕㄡˇ,tuōshǒu,変化動詞,7,common,ai,word,,
外號,あだ名,ㄨㄞˋ ㄏㄠˋ,wàihào,名詞,7,common,ai,word,,
外力,外力/外部からの圧力,ㄨㄞˋ ㄌㄧˋ,wàilì,名詞,7,common,ai,word,,
外貿,貿易,ㄨㄞˋ ㄇㄠˋ,wàimào,名詞,7,common,ai,word,,
外線,外線/アウトサイド,ㄨㄞˋ ㄒㄧㄢˋ,wàixiàn,名詞,7,common,ai,word,,
外銷,輸出する,ㄨㄞˋ ㄒㄧㄠ,wàixiāo,動詞,7,common,ai,word,,
外遇,不倫,ㄨㄞˋ ㄩˋ,wàiyù,名詞,7,common,ai,word,,
外在,外部の/外的な,ㄨㄞˋ ㄗㄞˋ,wàizài,名詞,7,common,ai,word,,
外資,外国資本,ㄨㄞˋ ㄗ,wàizī,名詞,7,common,ai,word,,
彎曲,曲がる/湾曲した,ㄨㄢ ㄑㄩ,wānqū,状態動詞(形容詞),7,common,ai,word,,
完備,完備された/完璧な,ㄨㄢˊ ㄅㄟˋ,wánbèi,状態動詞(形容詞),7,common,ai,word,,
玩弄,弄ぶ/いい加減に扱う,ㄨㄢˊ ㄋㄨㄥˋ,wánnòng,動詞,7,common,ai,word,,
頑強,粘り強い/頑強な,ㄨㄢˊ ㄑㄧㄤˊ,wánqiáng,状態動詞(形容詞),7,common,ai,word,,
挽,引く/巻き上げる,ㄨㄢˇ,wǎn,動詞,7,common,ai,word,,
挽救,救う/立て直す,ㄨㄢˇ ㄐㄧㄡˋ,wǎnjiù,動詞,7,common,ai,word,,
萬分,非常に/極めて,ㄨㄢˋ ㄈㄣ,wànfēn,副詞,7,common,ai,word,,
萬事,あらゆる事柄,ㄨㄢˋ ㄕˋ,wànshì,名詞,7,common,ai,word,,
萬歲,万歳,ㄨㄢˋ ㄙㄨㄟˋ,wànsuì,状態動詞(形容詞),7,common,ai,word,,
萬萬,絶対に/どうしても,ㄨㄢˋ ㄨㄢˋ,wànwàn,副詞,7,common,ai,word,,
萬物,万物/あらゆるもの,ㄨㄢˋ ㄨˋ,wànwù,名詞,7,common,ai,word,,
惋惜,惜しい/残念だ,ㄨㄢˋ ㄒㄧˊ,wànxí,状態動詞(形容詞),7,common,ai,word,,
亡國,国が滅びる,ㄨㄤˊ ㄍㄨㄛˊ,wángguó,変化動詞,7,common,ai,word,,
往來,往来/交流,ㄨㄤˇ ㄌㄞˊ,wǎnglái,自動詞,7,common,ai,word,,
旺季,繁忙期/ピーク時,ㄨㄤˋ ㄐㄧˋ,wàngjì,名詞,7,common,ai,word,,
旺盛,盛んな/活発な,ㄨㄤˋ ㄕㄥˋ,wàngshèng,状態動詞(形容詞),7,common,ai,word,,
威風,威厳がある/堂々とした,ㄨㄟ ㄈㄥ,wēifēng,状態動詞(形容詞),7,common,ai,word,,
威力,威力/強大な力,ㄨㄟ ㄌㄧˋ,wēilì,名詞,7,common,ai,word,,
萎縮,萎縮する/衰える,ㄨㄟ ㄙㄨㄛ,wēisuō,状態動詞(形容詞),7,common,ai,word,,
為人,人柄/振る舞い,ㄨㄟˊ ㄖㄣˊ,wéirén,名詞,7,common,ai,word,,
為生,生計を立てる,ㄨㄟˊ ㄕㄥ,wéishēng,状態動詞(形容詞),7,common,ai,word,,
為首,先頭に立つ/率いる,ㄨㄟˊ ㄕㄡˇ,wéishǒu,状態動詞(形容詞),7,common,ai,word,,
為止,～まで,ㄨㄟˊ ㄓˇ,wéizhǐ,名詞,7,common,ai,word,,
違背,背く/違反する,ㄨㄟˊ ㄅㄟˋ,wéibèi,変化動詞,7,common,ai,word,,
違約,契約違反する,ㄨㄟˊ ㄩㄝ,wéiyuē,離合動詞,7,common,ai,word,,
危害,危害を加える/損なう,ㄨㄟˊ ㄏㄞˋ,wéihài,動詞,7,common,ai,word,,
圍巾,マフラー/ショール,ㄨㄟˊ ㄐㄧㄣ,wéijīn,名詞,7,common,ai,word,,
圍牆,塀/囲い,ㄨㄟˊ ㄑㄧㄤˊ,wéiqiáng,名詞,7,common,ai,word,,
圍繞,取り巻く/中心にする,ㄨㄟˊ ㄖㄠˋ,wéirào,動詞,7,common,ai,word,,
微弱,微弱な/かすかな,ㄨㄟˊ ㄖㄨㄛˋ,wéiruò,状態動詞(形容詞),7,common,ai,word,,
微小,微小な/極めて小さい,ㄨㄟˊ ㄒㄧㄠˇ,wéixiǎo,状態動詞(形容詞),7,common,ai,word,,
胃口,食欲/好み,ㄨㄟˋ ㄎㄡˇ,wèikǒu,名詞,7,common,ai,word,,
未必,必ずしも～とは限らない,ㄨㄟˋ ㄅㄧˋ,wèibì,副詞,7,common,ai,word,,
未婚夫,婚約者（男性）,ㄨㄟˋ ㄏㄨㄣ ㄈㄨ,wèihūnfū,名詞,7,common,ai,word,,
未婚妻,婚約者（女性）,ㄨㄟˋ ㄏㄨㄣ ㄑㄧ,wèihūnqī,名詞,7,common,ai,word,,
未免,いささか～すぎる,ㄨㄟˋ ㄇㄧㄢˇ,wèimiǎn,副詞,7,common,ai,word,,
溫帶,温帯,ㄨㄣ ㄉㄞˋ,wēndài,名詞,7,common,ai,word,,
溫習,復習する,ㄨㄣ ㄒㄧˊ,wēnxí,動詞,7,common,ai,word,,
溫馴,温順な/おとなしい,ㄨㄣ ㄒㄩㄣˊ,wēnxún,状態動詞(形容詞),7,common,ai,word,,
瘟疫,疫病,ㄨㄣ ㄧˋ,wēnyì,名詞,7,common,ai,word,,
文明,文明/文化,ㄨㄣˊ ㄇㄧㄥˊ,wénmíng,名詞,7,common,ai,word,,
文獻,文献/資料,ㄨㄣˊ ㄒㄧㄢˋ,wénxiàn,名詞,7,common,ai,word,,
聞名,有名だ,ㄨㄣˊ ㄇㄧㄥˊ,wénmíng,状態動詞,7,common,ai,word,,
穩健,堅実な,ㄨㄣˇ ㄐㄧㄢˋ,wěnjiàn,状態動詞(形容詞),7,common,ai,word,,
紊亂,混乱した,ㄨㄣˋ ㄌㄨㄢˋ,wènluàn,状態動詞(形容詞),7,common,ai,word,,
問世,世に出る/発表される,ㄨㄣˋ ㄕˋ,wènshì,変化動詞,7,common,ai,word,,
臥,横たわる,ㄨㄛˋ,wò,自動詞,7,common,ai,word,,
烏龜,亀/寝取られ男,ㄨ ㄍㄨㄟ,wūguī/guī,名詞,7,common,ai,word,,原表記: 烏龜/龜
烏鴉,カラス,ㄨ ㄧㄚ,wūyā,名詞,7,common,ai,word,,
汙染,汚染 / 汚染,ㄨ ㄖㄢˇ / ㄨ ㄖㄢˇ,wūrǎn / wūrǎn,名詞,4,common,ai,word,,多音字/多義語: 複数の発音・意味を統合
無比,比類ない,ㄨˊ ㄅㄧˇ,wúbǐ,状態動詞(形容詞),7,common,ai,word,,
無線電,無線/ラジオ,ㄨˊ ㄒㄧㄢˋ ㄉㄧㄢˋ,wúxiàndiàn,名詞,7,common,ai,word,,
無形,形のない/仮想の,ㄨˊ ㄒㄧㄥˊ,wúxíng,状態動詞(形容詞),7,common,ai,word,,
無疑,疑いなく,ㄨˊ ㄧˊ,wúyí,副詞,7,common,ai,word,,
五金,金物,ㄨˇ ㄐㄧㄣ,wǔjīn,名詞,7,common,ai,word,,
武士,戦士/武士,ㄨˇ ㄕˋ,wǔshì,名詞,7,common,ai,word,,
武裝,武装/装備,ㄨˇ ㄓㄨㄤ,wǔzhuāng,名詞,7,common,ai,word,,
侮辱,侮辱する,ㄨˇ ㄖㄨˋ,wǔrù,動詞,7,common,ai,word,,
物產,産物/天然資源,ㄨˋ ㄔㄢˇ,wùchǎn,名詞,7,common,ai,word,,
物體,物体,ㄨˋ ㄊㄧˇ,wùtǐ,名詞,7,common,ai,word,,
誤解,誤解する/誤解,ㄨˋ ㄐㄧㄝˇ,wùjiě,状態動詞,7,common,ai,word,,
務實,現実的な,ㄨˋ ㄕˊ,wùshí,状態動詞(形容詞),7,common,ai,word,,
西服,洋服/スーツ,ㄒㄧ ㄈㄨˊ,xīfú,名詞,7,common,ai,word,,
西醫,西洋医学/西洋医,ㄒㄧ ㄧ,xīyī,名詞,7,common,ai,word,,
溪流,小川,ㄒㄧ ㄌㄧㄡˊ,xīliú,名詞,7,common,ai,word,,
席,むしろ/席/宴会,ㄒㄧˊ,xí,量詞,7,common,ai,word,,
席位,議席/席,ㄒㄧˊ ㄨㄟˋ,xíwèi,名詞,7,common,ai,word,,
錫,スズ/授ける,ㄒㄧˊ,xí,名詞,7,common,ai,word,,
襲擊,襲撃する,ㄒㄧˊ ㄐㄧˊ,xíjí,動詞,7,common,ai,word,,
昔日,昔,ㄒㄧˊ ㄖˋ,xírì,名詞,7,common,ai,word,,
習題,練習問題,ㄒㄧˊ ㄊㄧˊ,xítí,名詞,7,common,ai,word,,
洗禮,洗礼,ㄒㄧˇ ㄌㄧˇ,xǐlǐ,名詞,7,common,ai,word,,
喜氣,祝祭の雰囲気,ㄒㄧˇ ㄑㄧˋ,xǐqì,名詞,7,common,ai,word,,
喜悅,喜ばしい,ㄒㄧˇ ㄩㄝˋ,xǐyuè,状態動詞(形容詞),7,common,ai,word,,
戲曲,伝統劇,ㄒㄧˋ ㄑㄩˇ,xìqǔ,名詞,7,common,ai,word,,
瑕疵,欠陥/傷,ㄒㄧㄚˊ ㄘ,xiácī,名詞,7,common,ai,word,,
峽谷,峡谷,ㄒㄧㄚˊ ㄍㄨˇ,xiágǔ,名詞,7,common,ai,word,,
狹小,狭い,ㄒㄧㄚˊ ㄒㄧㄠˇ,xiáxiǎo,状態動詞(形容詞),7,common,ai,word,,
狹窄,狭い,ㄒㄧㄚˊ ㄓㄞˇ,xiázhǎi,状態動詞(形容詞),7,common,ai,word,,
下筆,書き始める,ㄒㄧㄚˋ ㄅㄧˇ,xiàbǐ,自動詞,7,common,ai,word,,
下跌,下落する,ㄒㄧㄚˋ ㄉㄧㄝˊ,xiàdié,変化動詞,7,common,ai,word,,
下滑,下降する/低下する,ㄒㄧㄚˋ ㄏㄨㄚˊ,xiàhuá,変化動詞,7,common,ai,word,,
下列,次の/以下の,ㄒㄧㄚˋ ㄌㄧㄝˋ,xiàliè,状態動詞(連体用),7,common,ai,word,,
下水,下流へ行く/入水する/内臓,ㄒㄧㄚˋ ㄕㄨㄟˇ,xiàshuǐ,離合動詞,7,common,ai,word,,
掀,持ち上げる/揺れる/痙攣する,ㄒㄧㄢ,xiān,動詞,7,common,ai,word,,
仙丹,仙薬/妙薬,ㄒㄧㄢ ㄉㄢ,xiāndān,名詞,7,common,ai,word,,
先後,前後/順序/次々と,ㄒㄧㄢ ㄏㄡˋ,xiānhòu,名詞,7,common,ai,word,,
先驅,先駆者/草分け,ㄒㄧㄢ ㄑㄩ,xiānqū,名詞,7,common,ai,word,,
先天,生まれつきの/先天的な,ㄒㄧㄢ ㄊㄧㄢ,xiāntiān,状態動詞(連体用),7,common,ai,word,,
鮮明,鮮やかな/はっきりした,ㄒㄧㄢ ㄇㄧㄥˊ,xiānmíng,状態動詞(形容詞),7,common,ai,word,,
鮮艶,鮮やかな/あでやかな,ㄒㄧㄢ ㄧㄢˋ,xiānyàn,状態動詞(形容詞),7,common,ai,word,,原表記: 鮮艶/鮮豔
纖維,繊維,ㄒㄧㄢ ㄨㄟˊ,xiānwéi,名詞,7,common,ai,word,,
嫌疑,疑い/容疑,ㄒㄧㄢˊ ㄧˊ,xiányí,名詞,7,common,ai,word,,
顯現,現れる/出現する,ㄒㄧㄢˇ ㄒㄧㄢˋ,xiǎnxiàn,状態動詞,7,common,ai,word,,
限度,限度/限界,ㄒㄧㄢˋ ㄉㄨˋ,xiàndù,名詞,7,common,ai,word,,
線路,電線/回路/線路/経路,ㄒㄧㄢˋ ㄌㄨˋ,xiànlù,名詞,7,common,ai,word,,
陷入,陥る/巻き込まれる,ㄒㄧㄢˋ ㄖㄨˋ,xiànrù,動詞,7,common,ai,word,,
獻身,献身する,ㄒㄧㄢˋ ㄕㄣ,xiànshēn,離合動詞,7,common,ai,word,,
現今,現在/現代,ㄒㄧㄢˋ ㄐㄧㄣ,xiànjīn,名詞,7,common,ai,word,,
現行,現行の/実施中の,ㄒㄧㄢˋ ㄒㄧㄥˊ,xiànxíng,状態動詞(連体用),7,common,ai,word,,
現狀,現状,ㄒㄧㄢˋ ㄓㄨㄤˋ,xiànzhuàng,名詞,7,common,ai,word,,
相傳,言い伝えられる,ㄒㄧㄤ ㄔㄨㄢˊ,xiāngchuán,自動詞,7,common,ai,word,,
相仿,似ている,ㄒㄧㄤ ㄈㄤˇ,xiāngfǎng,状態動詞(形容詞),7,common,ai,word,,
相符,一致する/合致する,ㄒㄧㄤ ㄈㄨˊ,xiāngfú,状態動詞(形容詞),7,common,ai,word,,
相繼,次々と/相次いで,ㄒㄧㄤ ㄐㄧˋ,xiāngjì,副詞,7,common,ai,word,,
相配,釣り合う/適合する,ㄒㄧㄤ ㄆㄟˋ,xiāngpèi,状態動詞(形容詞),7,common,ai,word,,
鄉土,郷土の/地元の,ㄒㄧㄤ ㄊㄨˇ,xiāngtǔ,状態動詞(形容詞),7,common,ai,word,,
香皂,化粧石鹸,ㄒㄧㄤ ㄗㄠˋ,xiāngzào,名詞,7,common,ai,word,,
鑲,はめ込む/埋め込む,ㄒㄧㄤ,xiāng,動詞,7,common,ai,word,,
想開,割り切る/諦めがつく,ㄒㄧㄤˇ ㄎㄞ,xiǎngkāi,変化動詞,7,common,ai,word,,
響亮,響き渡る/明快な,ㄒㄧㄤˇ ㄌㄧㄤˋ,xiǎngliàng,状態動詞(形容詞),7,common,ai,word,,
向,〜に向かって / 〜の方へ/向かって,ㄒㄧㄤˋ / ㄒㄧㄤˋ,xiàng / xiàng,副詞,3,common,ai,word,,多音字/多義語: 複数の発音・意味を統合
嚮導,案内人/ガイド,ㄒㄧㄤˋ ㄉㄠˇ,xiàngdǎo,名詞,7,common,ai,word,,
嚮往,憧れる/切望する,ㄒㄧㄤˋ ㄨㄤˇ,xiàngwǎng,状態動詞,7,common,ai,word,,
象徵,象徴/シンボル,ㄒㄧㄤˋ ㄓㄥ,xiàngzhēng,名詞/状態動詞,7,common,ai,word,,
消毒,消毒する,ㄒㄧㄠ ㄉㄨˊ,xiāodú,離合動詞,7,common,ai,word,,
消防,消防の,ㄒㄧㄠ ㄈㄤˊ,xiāofáng,状態動詞(連体用),7,common,ai,word,,
消耗,消費する/消耗する,ㄒㄧㄠ ㄏㄠˋ,xiāohào,動詞,7,common,ai,word,,
消遣,暇つぶし/気晴らし,ㄒㄧㄠ ㄑㄧㄢˇ,xiāoqiǎn,名詞/動詞,7,common,ai,word,,
瀟灑,堂々とした/洗練された,ㄒㄧㄠ ㄙㄚˇ,xiāosǎ,状態動詞(形容詞),7,common,ai,word,,
逍遙,悠々自適の/自由な,ㄒㄧㄠ ㄧㄠˊ,xiāoyáo,状態動詞(形容詞),7,common,ai,word,,
小伙子,若者/青年,ㄒㄧㄠˇ ㄏㄨㄛˇ ˙ㄗ,xiǎohuǒzi,名詞,7,common,ai,word,,原表記: 小伙子/小夥子
效法,見習う/倣う,ㄒㄧㄠˋ ㄈㄚˇ,xiàofǎ,動詞,7,common,ai,word,,
效勞,尽力する/仕える,ㄒㄧㄠˋ ㄌㄠˊ,xiàoláo,自動詞,7,common,ai,word,,
效力,効力/貢献する,ㄒㄧㄠˋ ㄌㄧˋ,xiàolì,名詞,7,common,ai,word,,
效忠,忠誠を誓う,ㄒㄧㄠˋ ㄓㄨㄥ,xiàozhōng,動詞,7,common,ai,word,,
笑嘻嘻,にこにこする,ㄒㄧㄠˋ ㄒㄧ ㄒㄧ,xiàoxīxī,自動詞,7,common,ai,word,,
孝子,親孝行な息子,ㄒㄧㄠˋ ㄗˇ,xiàozǐ,名詞,7,common,ai,word,,
協辦,協力する/補佐する,ㄒㄧㄝˊ ㄅㄢˋ,xiébàn,動詞,7,common,ai,word,,
協定,協定/合意,ㄒㄧㄝˊ ㄉㄧㄥˋ,xiédìng,名詞,7,common,ai,word,,
協會,協会/団体,ㄒㄧㄝˊ ㄏㄨㄟˋ,xiéhuì,名詞,7,common,ai,word,,
協商,協議する/話し合う,ㄒㄧㄝˊ ㄕㄤ,xiéshāng,動詞,7,common,ai,word,,
協調,調整する/調和する,ㄒㄧㄝˊ ㄊㄧㄠˊ,xiétiáo,動詞/状態動詞(形容詞),7,common,ai,word,,
協議,合意/協定,ㄒㄧㄝˊ ㄧˋ,xiéyì,名詞/動詞,7,common,ai,word,,
血汗,苦労/勤労,ㄒㄧㄝˇ ㄏㄢˋ,xiěhàn,名詞,7,common,ai,word,,
血跡,血痕,ㄒㄧㄝˇ ㄐㄧ,xiějī,名詞,7,common,ai,word,,
血壓,血圧,ㄒㄧㄝˇ ㄧㄚ,xiěyā,名詞,7,common,ai,word,,
寫實,写実的/リアルな,ㄒㄧㄝˇ ㄕˊ,xiěshí,状態動詞(形容詞),7,common,ai,word,,
洩氣,気が抜ける/落胆する,ㄒㄧㄝˋ ㄑㄧˋ,xièqì,状態動詞(形容詞),7,common,ai,word,,
心愛,最愛の,ㄒㄧ ㄋㄞˋ,xīnài,状態動詞(連体用),7,common,ai,word,,
心軟,優しい/情にもろい,ㄒㄧㄣ ㄖㄨㄢˇ,xīnruǎn,状態動詞(形容詞),7,common,ai,word,,
心事,悩み/心残り,ㄒㄧㄣ ㄕˋ,xīnshì,名詞,7,common,ai,word,,
心思,考え/意図,ㄒㄧㄣ ㄙ,xīnsī,名詞,7,common,ai,word,,
心酸,悲しい/切ない,ㄒㄧㄣ ㄙㄨㄢ,xīnsuān,状態動詞(形容詞),7,common,ai,word,,
心態,心構え/態度,ㄒㄧㄣ ㄊㄞˋ,xīntài,名詞,7,common,ai,word,,
心疼,愛おしい/気の毒に思う,ㄒㄧㄣ ㄊㄥˊ,xīnténg,状態動詞,7,common,ai,word,,
心胸,度量/心構え,ㄒㄧㄣ ㄒㄩㄥ,xīnxiōng,名詞,7,common,ai,word,,
辛勤,勤勉な,ㄒㄧㄣ ㄑㄧㄣˊ,xīnqín,状態動詞(形容詞),7,common,ai,word,,
辛酸,辛い/苦い,ㄒㄧㄣ ㄙㄨㄢ,xīnsuān,状態動詞(形容詞),7,common,ai,word,,
新潮,流行の/モダンな,ㄒㄧㄣ ㄔㄠˊ,xīncháo,状態動詞(形容詞),7,common,ai,word,,
新手,初心者,ㄒㄧㄣ ㄕㄡˇ,xīnshǒu,名詞,7,common,ai,word,,
新穎,斬新な/新しい,ㄒㄧㄣ ㄧㄥˇ,xīnyǐng,状態動詞(形容詞),7,common,ai,word,,
信賴,信頼する,ㄒㄧㄣˋ ㄌㄞˋ,xìnlài,状態動詞,7,common,ai,word,,
信念,信念/信条,ㄒㄧㄣˋ ㄋㄧㄢˋ,xìnniàn,名詞,7,common,ai,word,,
信徒,信者,ㄒㄧㄣˋ ㄊㄨˊ,xìntú,名詞,7,common,ai,word,,
信息,情報/メッセージ,ㄒㄧㄣˋ ㄒㄧˊ,xìnxí,名詞,7,common,ai,word,,
星辰,星々,ㄒㄧㄥ ㄔㄣˊ,xīngchén,名詞,7,common,ai,word,,
興建,建設する,ㄒㄧㄥ ㄐㄧㄢˋ,xīngjiàn,動詞,7,common,ai,word,,
興隆,繁栄している,ㄒㄧㄥ ㄌㄨㄥˊ,xīnglóng,状態動詞(形容詞),7,common,ai,word,,
興起,興る/台頭する,ㄒㄧㄥ ㄑㄧˇ,xīngqǐ,変化動詞,7,common,ai,word,,
行善,善行をする,ㄒㄧㄥˊ ㄕㄢˋ,xíngshàn,自動詞,7,common,ai,word,,
行使,行使する,ㄒㄧㄥˊ ㄕˇ,xíngshǐ,動詞,7,common,ai,word,,
行星,惑星,ㄒㄧㄥˊ ㄒㄧㄥ,xíngxīng,名詞,7,common,ai,word,,
形勢,情勢/状況,ㄒㄧㄥˊ ㄕˋ,xíngshì,名詞,7,common,ai,word,,
形態,形態/様式,ㄒㄧㄥˊ ㄊㄞˋ,xíngtài,名詞,7,common,ai,word,,
形體,体型/身体,ㄒㄧㄥˊ ㄊㄧˇ,xíngtǐ,名詞,7,common,ai,word,,
形形色色,多種多様な,ㄒㄧㄥˊ ㄒㄧㄥˊ ㄙㄜˋ ㄙㄜˋ,xíngxíngsèsè,状態動詞(形容詞),7,common,ai,word,,
型態,形態/タイプ,ㄒㄧㄥˊ ㄊㄞˋ,xíngtài,名詞,7,common,ai,word,,
性,性質/性格,ㄒㄧㄥˋ,xìng,名詞,7,common,ai,word,,
性能,性能/機能,ㄒㄧㄥˋ ㄋㄥˊ,xìngnéng,名詞,7,common,ai,word,,
性情,気質/性格,ㄒㄧㄥˋ ㄑㄧㄥˊ,xìngqíng,名詞,7,common,ai,word,,
興致,興味/気分,ㄒㄧㄥˋ ㄓˋ,xìngzhì,名詞,7,common,ai,word,,
胸口,胸元,ㄒㄩㄥ ㄎㄡˇ,xiōngkǒu,名詞,7,common,ai,word,,
修補,修繕する,ㄒㄧㄡ ㄅㄨˇ,xiūbǔ,動詞,7,common,ai,word,,
修訂,改訂する,ㄒㄧㄡ ㄉㄧㄥˋ,xiūdìng,動詞,7,common,ai,word,,
修建,建設する/修理する,ㄒㄧㄡ ㄐㄧㄢˋ,xiūjiàn,動詞,7,common,ai,word,,
修女,修道女,ㄒㄧㄡ ㄋㄩˇ,xiūnǚ,名詞,7,common,ai,word,,
修養,教養/修養,ㄒㄧㄡ ㄧㄤˇ,xiūyǎng,名詞,7,common,ai,word,,
修築,建設する,ㄒㄧㄡ ㄓㄨˊ,xiūzhú,動詞,7,common,ai,word,,
繡,刺繍する/刺繍,ㄒㄧㄡˋ,xiù,動詞,7,common,ai,word,,
虛擬,架空の/仮想の,ㄒㄩ ㄋㄧˇ,xūnǐ,動詞,7,common,ai,word,,
虛心,謙虚な/素直な,ㄒㄩ ㄒㄧㄣ,xūxīn,状態動詞(形容詞),7,common,ai,word,,
許多,多くの/たくさんの / 多くの,ㄒㄩˇ ㄉㄨㄛ / ㄒㄩˇ ㄉㄨㄛ,xǔduō / xǔduō,副詞,4,common,ai,word,,多音字/多義語: 複数の発音・意味を統合
許久,長い間,ㄒㄩˇ ㄐㄧㄡˇ,xǔjiǔ,名詞,7,common,ai,word,,
許可,許可する,ㄒㄩˇ ㄎㄜˇ,xǔkě,動詞,7,common,ai,word,,
酗酒,深酒する,ㄒㄩˋ ㄐㄧㄡˇ,xùjiǔ,自動詞,7,common,ai,word,,
序幕,序幕/幕開け,ㄒㄩˋ ㄇㄨˋ,xùmù,名詞,7,common,ai,word,,
敘述,述べる/語る,ㄒㄩˋ ㄕㄨˋ,xùshù,動詞,7,common,ai,word,,
宣稱,主張する/公言する,ㄒㄩㄢ ㄔㄥ,xuānchēng,動詞,7,common,ai,word,,
宣告,宣言する,ㄒㄩㄢ ㄍㄠˋ,xuāngào,動詞,7,common,ai,word,,
宣示,公に表明する,ㄒㄩㄢ ㄕˋ,xuānshì,動詞,7,common,ai,word,,
宣誓,宣誓する,ㄒㄩㄢ ㄕˋ,xuānshì,自動詞,7,common,ai,word,,
宣言,宣言/マニフェスト,ㄒㄩㄢ ㄧㄢˊ,xuānyán,名詞,7,common,ai,word,,
宣揚,広める/宣伝する,ㄒㄩㄢ ㄧㄤˊ,xuānyáng,動詞,7,common,ai,word,,
旋律,メロディ,ㄒㄩㄢˊ ㄌㄩˋ,xuánlǜ,名詞,7,common,ai,word,,
旋轉,回転する,ㄒㄩㄢˊ ㄓㄨㄢˇ,xuánzhuǎn,自動詞,7,common,ai,word,,
懸殊,大きな隔たりがある,ㄒㄩㄢˊ ㄕㄨ,xuánshū,状態動詞(形容詞),7,common,ai,word,,
懸崖,崖/絶壁,ㄒㄩㄢˊ ㄧㄚˊi,xuányái/yái,名詞,7,common,ai,word,,原表記: 懸崖/崖
選拔,選抜する,ㄒㄩㄢˇ ㄅㄚˊ,xuǎnbá,動詞,7,common,ai,word,,
選購,選んで買う,ㄒㄩㄢˇ ㄍㄡˋ,xuǎngòu,動詞,7,common,ai,word,,
選民,有権者,ㄒㄩㄢˇ ㄇㄧㄣˊ,xuǎnmín,名詞,7,common,ai,word,,
選票,投票用紙/票,ㄒㄩㄢˇ ㄆㄧㄠˋ,xuǎnpiào,名詞,7,common,ai,word,,
選修,選択科目/履修する,ㄒㄩㄢˇ ㄒㄧㄡ,xuǎnxiū,動詞,7,common,ai,word,,
學分,単位,ㄒㄩㄝˊ ㄈㄣ,xuéfēn,名詞,7,common,ai,word,,
學科,学科/学問分野,ㄒㄩㄝˊ ㄎㄜ,xuékē,名詞,7,common,ai,word,,
學年,学年,ㄒㄩㄝˊ ㄋㄧㄢˊ,xuénián,名詞,7,common,ai,word,,
學識,学識/教養,ㄒㄩㄝˊ ㄕˋ,xuéshì,名詞,7,common,ai,word,,
學說,学説/理論,ㄒㄩㄝˊ ㄕㄨㄛ,xuéshuō,名詞,7,common,ai,word,,
學徒,見習い,ㄒㄩㄝˊ ㄊㄨˊ,xuétú,名詞,7,common,ai,word,,
學員,受講生/生徒,ㄒㄩㄝˊ ㄩㄢˊ,xuéyuán,名詞,7,common,ai,word,,
學制,教育制度,ㄒㄩㄝˊ ㄓˋ,xuézhì,名詞,7,common,ai,word,,
雪人,雪だるま/イエティ,ㄒㄩㄝˇ ㄖㄣˊ,xuěrén,名詞,7,common,ai,word,,
削弱,弱める/損なう,ㄒㄩㄝˋ ㄖㄨㄛˋ,xuèruò,動詞,7,common,ai,word,,
巡邏,パトロールする,ㄒㄩㄣˊ ㄌㄨㄛˊ,xúnluó,自動詞,7,common,ai,word,,
巡視,視察する/巡回する,ㄒㄩㄣˊ ㄕˋ,xúnshì,動詞,7,common,ai,word,,
詢問,尋ねる/問い合わせる,ㄒㄩㄣˊ ㄨㄣˋ,xúnwèn,動詞,7,common,ai,word,,
訓,教える/訓戒,ㄒㄩㄣˋ,xùn,動詞,7,common,ai,word,,
押,担保に入れる/拘留する,ㄧㄚ,yā,動詞,7,common,ai,word,,
鴉片,アヘン,ㄧㄚ ㄆㄧㄢˋ,yāpiàn,名詞,7,common,ai,word,,
壓歲錢,お年玉,ㄧㄚ ㄙㄨㄟˋ ㄑㄧㄢˊ,yāsuìqián,名詞,7,common,ai,word,,
壓縮,圧縮する,ㄧㄚ ㄙㄨㄛ,yāsuō,動詞,7,common,ai,word,,
壓制,抑圧する/抑制する,ㄧㄚ ㄓˋ,yāzhì,動詞,7,common,ai,word,,
牙科,歯科,ㄧㄚˊ ㄎㄜ,yákē,名詞,7,common,ai,word,,
啞,口がきけない/無口な,ㄧㄚˇ,yǎ,変化動詞,7,common,ai,word,,
亞軍,準優勝/2位,ㄧㄚˋ ㄐㄩㄣ,yàjūn,名詞,7,common,ai,word,,
淹,浸水する/溺れる,ㄧㄢ,yān,動詞,7,common,ai,word,,
言論,言論/意見,ㄧㄢˊ ㄌㄨㄣˋ,yánlùn,名詞,7,common,ai,word,,
延遲,遅らせる/延期する,ㄧㄢˊ ㄔˊ,yánchí,変化動詞,7,common,ai,word,,
延伸,広がる/伸びる,ㄧㄢˊ ㄕㄣ,yánshēn,状態動詞(形容詞),7,common,ai,word,,
延誤,遅延する/手遅れになる,ㄧㄢˊ ㄨˋ,yánwù,変化動詞,7,common,ai,word,,
延續,続く/継続する,ㄧㄢˊ ㄒㄩˋ,yánxù,状態動詞,7,common,ai,word,,
沿海,沿岸の,ㄧㄢˊ ㄏㄞˇ,yánhǎi,名詞,7,common,ai,word,,
沿途,道中/道すがら,ㄧㄢˊ ㄊㄨˊ,yántú,名詞,7,common,ai,word,,
沿襲,踏襲する,ㄧㄢˊ ㄒㄧˊ,yánxí,状態動詞,7,common,ai,word,,
沿用,引き続き使う,ㄧㄢˊ ㄩㄥˋ,yányòng,動詞,7,common,ai,word,,
嚴禁,厳禁する,ㄧㄢˊ ㄐㄧㄣˋ,yánjìn,動詞,7,common,ai,word,,
嚴厲,厳しい/厳格な,ㄧㄢˊ ㄌㄧˋ,yánlì,状態動詞(形容詞),7,common,ai,word,,
嚴密,厳密な/隙のない,ㄧㄢˊ ㄇㄧˋ,yánmì,状態動詞(形容詞),7,common,ai,word,,
演變,発展する/変化する,ㄧㄢˇ ㄅㄧㄢˋ,yǎnbiàn,状態動詞(形容詞),7,common,ai,word,,
演說,演説/スピーチ,ㄧㄢˇ ㄕㄨㄛ,yǎnshuō,名詞,7,common,ai,word,,
演習,訓練/演習,ㄧㄢˇ ㄒㄧˊ,yǎnxí,自動詞,7,common,ai,word,,
眼界,視野/見識,ㄧㄢˇ ㄐㄧㄝˋ,yǎnjiè,名詞,7,common,ai,word,,
眼看,間もなく/目の当たりにする,ㄧㄢˇ ㄎㄢˋ,yǎnkàn,動詞,7,common,ai,word,,
衍生,派生する/生じる,ㄧㄢˇ ㄕㄥ,yǎnshēng,動詞,7,common,ai,word,,
燕窩,燕の巣,ㄧㄢˋ ㄨㄛ,yànwō,名詞,7,common,ai,word,,
央求,懇願する,ㄧㄤ ㄑㄧㄡˊ,yāngqiú,動詞,7,common,ai,word,,
仰,仰ぐ/見上げる,ㄧㄤˇ,yǎng,動詞,7,common,ai,word,,
仰慕,憧れる/敬慕する,ㄧㄤˇ ㄇㄨˋ,yǎngmù,状態動詞,7,common,ai,word,,
養分,栄養分,ㄧㄤˇ ㄈㄣˋ,yǎngfèn,名詞,7,common,ai,word,,原表記: 養分/養份
養老,老後を過ごす,ㄧㄤˇ ㄌㄠˇ,yǎnglǎo,状態動詞(形容詞),7,common,ai,word,,
養育,育てる/養育する,ㄧㄤˇ ㄩˋ,yǎngyù,動詞,7,common,ai,word,,
邀,招待する/求める,ㄧㄠ,yāo,動詞,7,common,ai,word,,
搖晃,揺れる/揺れ動く,ㄧㄠˊ ㄏㄨㄤˋ,yáohuàng,自動詞,7,common,ai,word,,
謠言,噂/デマ,ㄧㄠˊ ㄧㄢˊ,yáoyán,名詞,7,common,ai,word,,
遙遠,遠い/遥かな,ㄧㄠˊ ㄩㄢˇ,yáoyuǎn,状態動詞(形容詞),7,common,ai,word,,
要點,要点/肝心な点,ㄧㄠˋ ㄉㄧㄢˇ,yàodiǎn,名詞,7,common,ai,word,,
要犯,重要犯罪者,ㄧㄠˋ ㄈㄢˋ,yàofàn,名詞,7,common,ai,word,,
藥品,医薬品/薬,ㄧㄠˋ ㄆㄧㄣˇ,yàopǐn,名詞,7,common,ai,word,,
業績,業績/成果,ㄧㄝˋ ㄐㄧ,yèjī,名詞,7,common,ai,word,,
依,頼る/従う/～に基づいて,ㄧ,yī,介詞(前置詞),7,common,ai,word,,
依舊,依然として/相変わらず,ㄧ ㄐㄧㄡˋ,yījiù,副詞,7,common,ai,word,,
依賴,依存する/頼る,ㄧ ㄌㄞˋ,yīlài,状態動詞,7,common,ai,word,,
依照,～に従って/～に基づき,ㄧ ㄓㄠˋ,yīzhào,介詞(前置詞),7,common,ai,word,,
醫療,医療,ㄧ ㄌㄧㄠˊ,yīliáo,名詞,7,common,ai,word,,
醫術,医術/医療技術,ㄧ ㄕㄨˋ,yīshù,名詞,7,common,ai,word,,
醫藥,医療と薬,ㄧ ㄧㄠˋ,yīyào,名詞,7,common,ai,word,,
一定,必ず/きっと / 必ず/一定の,ㄧ ㄉㄧㄥˋ / ㄧ ㄉㄧㄥˋ,yīdìng / yīdìng,状態動詞(連体用),2,common,ai,word,,多音字/多義語: 複数の発音・意味を統合
一道,一緒に/共に,ㄧ ㄉㄠˋ,yīdào,副詞,7,common,ai,word,,
一度,一度/かつて,ㄧ ㄉㄨˋ,yīdù,副詞,7,common,ai,word,,
一概,一律に/すべて,ㄧ ㄍㄞˋ,yīgài,副詞,7,common,ai,word,,
一貫,一貫した,ㄧ ㄍㄨㄢˋ,yīguàn,状態動詞(連体用),7,common,ai,word,,
一律,一律に/すべて,ㄧ ㄌㄩˋ,yīlǜ,副詞,7,common,ai,word,,
一味,ひたすら/頑なに,ㄧ ㄨㄟˋ,yīwèi,副詞,7,common,ai,word,,
咦,おや/あれ,ㄧˊ,yí,助詞,7,common,ai,word,,
儀表,身なり/態度/計器,ㄧˊ ㄅㄧㄠˇ,yíbiǎo,名詞,7,common,ai,word,,
遺產,遺産/継承物,ㄧˊ ㄔㄢˇ,yíchǎn,名詞,7,common,ai,word,,
遺傳,遺伝する/受け継ぐ,ㄧˊ ㄔㄨㄢˊ,yíchuán,状態動詞,7,common,ai,word,,
遺憾,残念だ/心残りだ,ㄧˊ ㄏㄢˋ,yíhàn,状態動詞(形容詞),7,common,ai,word,,
遺留,残す/遺す,ㄧˊ ㄌㄧㄡˊ,yíliú,動詞,7,common,ai,word,,
遺棄,見捨てる/遺棄する,ㄧˊ ㄑㄧˋ,yíqì,動詞,7,common,ai,word,,
遺體,遺体,ㄧˊ ㄊㄧˇ,yítǐ,名詞,7,common,ai,word,,
遺忘,忘れる,ㄧˊ ㄨㄤˋ,yíwàng,変化動詞,7,common,ai,word,,
遺址,遺跡/跡地,ㄧˊ ㄓˇ,yízhǐ,名詞,7,common,ai,word,,
疑慮,疑念/懸念,ㄧˊ ㄌㄩˋ,yílǜ,名詞,7,common,ai,word,,
移植,移植する,ㄧˊ ㄓˊ,yízhí,動詞,7,common,ai,word,,
倚,寄りかかる/頼る,ㄧˇ,yǐ,動詞,7,common,ai,word,,
以至,～に至るまで,ㄧˇ ㄓˋ,yǐzhì/yǐzhìyú,接続詞,7,common,ai,word,,原表記: 以至/以致/以至於/以致於
亦,また/同様に,ㄧˋ,yì,副詞/接続詞,7,common,ai,word,,
一連串,一連の/連続した,ㄧ ㄌㄧㄢˊ ㄔㄨㄢˋ,yīliánchuàn,状態動詞(連体用),7,common,ai,word,,
一流,一流の,ㄧ ㄌㄧㄡˊ,yīliú,状態動詞(形容詞),7,common,ai,word,,
一如,～と全く同じで,ㄧ ㄖㄨˊ,yīrú,介詞(前置詞),7,common,ai,word,,
一心,ひたむきに,ㄧ ㄒㄧㄣ,yīxīn,副詞,7,common,ai,word,,
液體,液体,ㄧㄝˋ ㄊㄧˇ,yètǐ,名詞,7,common,ai,word,,
抑制,抑制する/抑える,ㄧˋ ㄓˋ,yìzhì,動詞,7,common,ai,word,,
意識到,気づく/自覚する,ㄧˋ ㄕˋ ㄉㄠˋ,yìshìdào,変化動詞,7,common,ai,word,,
意圖,意図/狙い,ㄧˋ ㄊㄨˊ,yìtú,名詞,7,common,ai,word,,
意味,意味/含み/趣,ㄧˋ ㄨㄟˋ,yìwèi,状態動詞,7,common,ai,word,,
毅力,忍耐力/意志の力,ㄧˋ ㄌㄧˋ,yìlì,名詞,7,common,ai,word,,
異常,異常な/極めて,ㄧˋ ㄔㄤˊ,yìcháng,状態動詞(形容詞),7,common,ai,word,,
異鄉,異郷/他郷,ㄧˋ ㄒㄧㄤ,yìxiāng,名詞,7,common,ai,word,,
議定,取り決める/合意する,ㄧˋ ㄉㄧㄥˋ,yìdìng,動詞,7,common,ai,word,,
議論,議論する/論評する,ㄧˋ ㄌㄨㄣˋ,yìlùn,動詞,7,common,ai,word,,
議題,議題/論点,ㄧˋ ㄊㄧˊ,yìtí,名詞,7,common,ai,word,,
音,音/響き,ㄧㄣ,yīn,名詞,7,common,ai,word,,
因果,因果/因果応報,ㄧㄣ ㄍㄨㄛˇ,yīnguǒ,名詞,7,common,ai,word,,
陰謀,陰謀/たくらみ,ㄧㄣ ㄇㄡˊ,yīnmóu,名詞,7,common,ai,word,,
陰影,影/陰影,ㄧㄣ ㄧㄥˇ,yīnyǐng,名詞,7,common,ai,word,,
銀幕,映画のスクリーン,ㄧㄣˊ ㄇㄨˋ,yínmù,名詞,7,common,ai,word,,
銀子,銀/金銭,ㄧㄣˊ ˙ㄗ,yínzi,名詞,7,common,ai,word,,
引,引く/導く,ㄧㄣˇ,yǐn,動詞,7,common,ai,word,,
引導,導く/案内する,ㄧㄣˇ ㄉㄠˇ,yǐndǎo,動詞,7,common,ai,word,,
引進,導入する/招き入れる,ㄧㄣˇ ㄐㄧㄣˋ,yǐnjìn,動詞,7,common,ai,word,,
引擎,エンジン,ㄧㄣˇ ㄑㄧㄥˊ,yǐnqíng,名詞,7,common,ai,word,,
隱藏,隠す/隠蔽する,ㄧㄣˇ ㄘㄤˊ,yǐncáng,動詞,7,common,ai,word,,
隱士,隠者,ㄧㄣˇ ㄕˋ,yǐnshì,名詞,7,common,ai,word,,
隱約,かすかな/ぼんやりした,ㄧㄣˇ ㄩㄝ,yǐnyuē,副詞,7,common,ai,word,,
印證,裏付ける/証明する,ㄧㄣˋ ㄓㄥˋ,yìnzhèng,動詞,7,common,ai,word,,
櫻桃,サクランボ,ㄧㄥ ㄊㄠˊ,yīngtáo,名詞,7,common,ai,word,,
英勇,勇敢な/英雄的な,ㄧㄥ ㄩㄥˇ,yīngyǒng,状態動詞(形容詞),7,common,ai,word,,
應,応じる/～すべき/答える,ㄧㄥˋ,yìng,介詞(前置詞)/動詞,7,common,ai,word,,
鷹,タカ,ㄧㄥ,yīng/lǎoyīng,名詞,7,common,ai,word,,原表記: 鷹/老鷹
營地,キャンプ地,ㄧㄥˊ ㄉㄧˋ,yíngdì,名詞,7,common,ai,word,,
營造,建設する/築く,ㄧㄥˊ ㄗㄠˋ,yíngzào,動詞,7,common,ai,word,,
迎,迎える/立ち向かう,ㄧㄥˊ,yíng,動詞,7,common,ai,word,,
迎合,迎合する/機嫌をとる,ㄧㄥˊ ㄏㄜˊ,yínghé,状態動詞,7,common,ai,word,,
影射,遠回しに非難する/当てこする,ㄧㄥˇ ㄕㄜˋ,yǐngshè,状態動詞,7,common,ai,word,,
硬體,ハードウェア,ㄧㄥˋ ㄊㄧˇ,yìngtǐ,名詞,7,common,ai,word,,
應變,臨機応変に対応する,ㄧㄥˋ ㄅㄧㄢˋ,yìngbiàn,自動詞,7,common,ai,word,,
應酬,付き合い/社交/接待,ㄧㄥˋ ㄔㄡˊ,yìngchóu,自動詞,7,common,ai,word,,
應急,応急の/緊急の,ㄧㄥˋ ㄐㄧˊ,yìngjí,状態動詞(形容詞),7,common,ai,word,,
應驗,的中する/実現する,ㄧㄥˋ ㄧㄢˋ,yìngyàn,変化動詞,7,common,ai,word,,
應徵,応募する,ㄧㄥˋ ㄓㄥ,yìngzhēng,動詞,7,common,ai,word,,
唷,おや！/～だよ,ㄧㄛ,yō,助詞,7,common,ai,word,,
湧,湧き出る/噴き出す,ㄩㄥˇ,yǒng,動詞,7,common,ai,word,,
踴躍,進んで/積極的に,ㄩㄥˇ ㄩㄝˋ,yǒngyuè,状態動詞(形容詞),7,common,ai,word,,
用戶,ユーザー/利用者,ㄩㄥˋ ㄏㄨˋ,yònghù,名詞,7,common,ai,word,,
用途,用途/使い道,ㄩㄥˋ ㄊㄨˊ,yòngtú,名詞,7,common,ai,word,,
悠久,悠久の/長い,ㄧㄡ ㄐㄧㄡˇ,yōujiǔ,状態動詞(形容詞),7,common,ai,word,,
悠閒,のんびりした/気楽な,ㄧㄡ ㄒㄧㄢˊ,yōuxián,状態動詞(形容詞),7,common,ai,word,,
優待,優遇する/特別扱い,ㄧㄡ ㄉㄞˋ,yōudài,動詞,7,common,ai,word,,
優勢,優位/強み,ㄧㄡ ㄕˋ,yōushì,名詞,7,common,ai,word,,
優先,優先する,ㄧㄡ ㄒㄧㄢ,yōuxiān,副詞,7,common,ai,word,,
優異,優秀な/優れている,ㄧㄡ ㄧˋ,yōuyì,状態動詞(形容詞),7,common,ai,word,,
鈾,ウラン,ㄧㄡˋ,yòu,名詞,7,common,ai,word,,
由來,由来/起源,ㄧㄡˊ ㄌㄞˊ,yóulái,名詞,7,common,ai,word,,
遊覽,観光する/見学する,ㄧㄡˊ ㄌㄢˇ,yóulǎn,動詞,7,common,ai,word,,
油條,揚げパン/ずる賢い人,ㄧㄡˊ ㄊㄧㄠˊ,yóutiáo,名詞,7,common,ai,word,,
友愛,友愛/親愛,ㄧㄡˇ ㄞˋ,yǒuài,状態動詞,7,common,ai,word,,
有機,有機の,ㄧㄡˇ ㄐㄧ,yǒujī,状態動詞(連体用),7,common,ai,word,,
有理,道理にかなった/もっともな,ㄧㄡˇ ㄌㄧˇ,yǒulǐ,状態動詞(形容詞),7,common,ai,word,,
有所,いくぶん/ある程度,ㄧㄡˇ ㄙㄨㄛˇ,yǒusuǒ,状態動詞,7,common,ai,word,,
有為,将来性のある/有望な,ㄧㄡˇ ㄨㄟˊ,yǒuwéi,状態動詞(形容詞),7,common,ai,word,,
有限,限られた/有限の,ㄧㄡˇ ㄒㄧㄢˋ,yǒuxiàn,状態動詞(形容詞),7,common,ai,word,,
有形,有形の/目に見える,ㄧㄡˇ ㄒㄧㄥˊ,yǒuxíng,状態動詞(形容詞),7,common,ai,word,,
有心人,志のある人/熱心な人,ㄧㄡˇ ㄒㄧㄣ ㄖㄣˊ,yǒuxīnrén,名詞,7,common,ai,word,,
有益,有益な/ためになる,ㄧㄡˇ ㄧˋ,yǒuyì,状態動詞,7,common,ai,word,,
有意,意図する/わざと/関心がある,ㄧㄡˇ ㄧˋ,yǒuyì,助動詞,7,common,ai,word,,
有緣,縁がある,ㄧㄡˇ ㄩㄢˊ,yǒuyuán,状態動詞(形容詞),7,common,ai,word,,
誘惑,誘惑する/そそのかす,ㄧㄡˋ ㄏㄨㄛˋ,yòuhuò,動詞,7,common,ai,word,,
幼稚,幼い/幼稚な,ㄧㄡˋ ㄓˋ,yòuzhì,状態動詞(形容詞),7,common,ai,word,,
于,～へ/～において,ㄩˊ,yú,介詞(前置詞),7,common,ai,word,,
於,～に/～で/～に対して,ㄩˊ,yú,介詞(前置詞),7,common,ai,word,,
逾,超える,ㄩˊ,yú,状態動詞,7,common,ai,word,,
餘,余り/残りの,ㄩˊ,yú,名詞/状態動詞,7,common,ai,word,,
語法,文法,ㄩˇ ㄈㄚˇ,yǔfǎ,名詞,7,common,ai,word,,
愚蠢,愚かな/馬鹿げた,ㄩˊ ㄔㄨㄣˇ,yúchǔn,状態動詞(形容詞),7,common,ai,word,,
輿論,世論,ㄩˊ ㄌㄨㄣˋ,yúlùn,名詞,7,common,ai,word,,
漁民,漁師,ㄩˊ ㄇㄧㄣˊ,yúmín,名詞,7,common,ai,word,,
予,私/与える,ㄩˇ,yǔ,動詞,7,common,ai,word,,
予以,与える/適用する,ㄩˇ ㄧˇ,yǔyǐ,動詞,7,common,ai,word,,
與會,会議に出席する,ㄩˋ ㄏㄨㄟˋ,yùhuì,自動詞,7,common,ai,word,,
語文,言語と文学/国語,ㄩˇ ㄨㄣˊ,yǔwén,名詞,7,common,ai,word,,
愈,ますます/回復する,ㄩˋ,yù,副詞,7,common,ai,word,,
玉器,翡翠の工芸品,ㄩˋ ㄑㄧˋ,yùqì,名詞,7,common,ai,word,,
預測,予測する,ㄩˋ ㄘㄜˋ,yùcè,動詞,7,common,ai,word,,
預防,予防する/防ぐ,ㄩˋ ㄈㄤˊ,yùfáng,動詞,7,common,ai,word,,
預告,予告する/事前通知,ㄩˋ ㄍㄠˋ,yùgào,動詞,7,common,ai,word,,
預估,見積もる/予測する,ㄩˋ ㄍㄨ,yùgū,動詞,7,common,ai,word,,
預賽,予選,ㄩˋ ㄙㄞˋ,yùsài,名詞,7,common,ai,word,,
預約,予約する,ㄩˋ ㄩㄝ,yùyuē,動詞,7,common,ai,word,,
寓言,寓話,ㄩˋ ㄧㄢˊ,yùyán,名詞,7,common,ai,word,,
園林,庭園/公園,ㄩㄢˊ ㄌㄧㄣˊ,yuánlín,名詞,7,common,ai,word,,
元氣,活力/元気,ㄩㄢˊ ㄑㄧˋ,yuánqì,名詞,7,common,ai,word,,
元首,国家元首,ㄩㄢˊ ㄕㄡˇ,yuánshǒu,名詞,7,common,ai,word,,
元素,要素/元素,ㄩㄢˊ ㄙㄨˋ,yuánsù,名詞,7,common,ai,word,,
原,元の/以前の,ㄩㄢˊ,yuán,副詞,7,common,ai,word,,
原形,元の形/正体,ㄩㄢˊ ㄒㄧㄥˊ,yuánxíng,名詞,7,common,ai,word,,
原野,平野/野原,ㄩㄢˊ ㄧㄝˇ,yuányě,名詞,7,common,ai,word,,
原狀,元の状態,ㄩㄢˊ ㄓㄨㄤˋ,yuánzhuàng,名詞,7,common,ai,word,,
原住民,先住民,ㄩㄢˊ ㄓㄨˋ ㄇㄧㄣˊ,yuánzhùmín,名詞,7,common,ai,word,,
原子彈,原子爆弾,ㄩㄢˊ ㄗˇ ㄉㄢˋ,yuánzǐdàn,名詞,7,common,ai,word,,
援助,援助する/支援する,ㄩㄢˊ ㄓㄨˋ,yuánzhù,動詞,7,common,ai,word,,
遠景,遠景/将来の展望,ㄩㄢˇ ㄐㄧㄥˇ,yuǎnjǐng,名詞,7,common,ai,word,,
怨,恨む/怨念,ㄩㄢˋ,yuàn,状態動詞,7,common,ai,word,,
約束,制限する/拘束する,ㄩㄝ ㄕㄨˋ,yuēshù,動詞,7,common,ai,word,,
躍,跳ぶ,ㄩㄝˋ,yuè,自動詞,7,common,ai,word,,
樂隊,楽団/バンド,ㄩㄝˋ ㄉㄨㄟˋ,yuèduì,名詞,7,common,ai,word,,
運,運ぶ/動かす/使う,ㄩㄣˋ,yùn,動詞,7,common,ai,word,,
運行,運行する/機能する,ㄩㄣˋ ㄒㄧㄥˊ,yùnxíng,自動詞,7,common,ai,word,,
孕婦,妊婦,ㄩㄣˋ ㄈㄨˋ,yùnfù,名詞,7,common,ai,word,,
醞釀,醸造する/醸し出す,ㄩㄣˋ ㄋㄧㄤˋ,yùnniàng,動詞,7,common,ai,word,,
栽,植える/立てる,ㄗㄞ,zāi,動詞,7,common,ai,word,,
災禍,災難,ㄗㄞ ㄏㄨㄛˋ,zāihuò,名詞,7,common,ai,word,,
災情,被災状況,ㄗㄞ ㄑㄧㄥˊ,zāiqíng,名詞,7,common,ai,word,,
在場,現場にいる,ㄗㄞˋ ㄔㄤˇ,zàichǎng,自動詞,7,common,ai,word,,
在世,存命である,ㄗㄞˋ ㄕˋ,zàishì,状態動詞(形容詞),7,common,ai,word,,
在座,同席している,ㄗㄞˋ ㄗㄨㄛˋ,zàizuò,自動詞,7,common,ai,word,,
再生,再生する/生まれ変わる,ㄗㄞˋ ㄕㄥ,zàishēng,状態動詞(連体用),7,common,ai,word,,
咱,私/私たち,ㄗㄢˊ,zán,名詞,7,common,ai,word,,
贊助,支援する/スポンサーになる,ㄗㄢˋ ㄓㄨˋ,zànzhù,動詞,7,common,ai,word,,
讚嘆,感嘆する,ㄗㄢˋ ㄊㄢˋ,zàntàn,自動詞,7,common,ai,word,,原表記: 讚嘆/讚歎
贓物,盗品,ㄗㄤ ㄨˋ,zāngwù,名詞,7,common,ai,word,,
遭,遭遇する/回,ㄗㄠ,zāo,量詞/介詞(前置詞)/状態動詞,7,common,ai,word,,
造反,反乱を起こす,ㄗㄠˋ ㄈㄢˇ,zàofǎn,自動詞,7,common,ai,word,,
造化,自然/創造主/幸運,ㄗㄠˋ ㄏㄨㄚˋ,zàohuà,名詞,7,common,ai,word,,
造物主,創造主/神,ㄗㄠˋ ㄨˋ ㄓㄨˇ,zàowùzhǔ,名詞,7,common,ai,word,,
造型,造形/外見/スタイル,ㄗㄠˋ ㄒㄧㄥˊ,zàoxíng,名詞,7,common,ai,word,,
責備,責める/非難する,ㄗㄜˊ ㄅㄟˋ,zébèi,動詞,7,common,ai,word,,
增進,促進する/高める,ㄗㄥ ㄐㄧㄣˋ,zēngjìn,動詞,7,common,ai,word,,
增強,増やす/強化する,ㄗㄥ ㄑㄧㄤˊ,zēngqiáng,変化動詞,7,common,ai,word,,
增值,価値が上がる/付加価値,ㄗㄥ ㄓˊ,zēngzhí,変化動詞,7,common,ai,word,,
扎,刺す/ジョッキ,ㄓㄚ,zhā,動詞,7,common,ai,word,,
炸藥,爆薬,ㄓㄚˋ ㄧㄠˋ,zhàyào,名詞,7,common,ai,word,,
沾,濡らす/感染する/恩恵を受ける,ㄓㄢ,zhān,動詞,7,common,ai,word,,
盞,小さな杯/ランプの数え方,ㄓㄢˇ,zhǎn,量詞,7,common,ai,word,,
展望,見通し/展望する,ㄓㄢˇ ㄨㄤˋ,zhǎnwàng,状態動詞,7,common,ai,word,,
展現,現れる/披露する,ㄓㄢˇ ㄒㄧㄢˋ,zhǎnxiàn,動詞,7,common,ai,word,,
嶄新,真新しい,ㄓㄢˇ ㄒㄧㄣ,zhǎnxīn,状態動詞(連体用),7,common,ai,word,,
占據,占拠する/占める,ㄓㄢˋ ㄐㄩˋ,zhànjù,動詞,7,common,ai,word,,原表記: 占據/佔據
占領,占領する,ㄓㄢˋ ㄌㄧㄥˇ,zhànlǐng,動詞,7,common,ai,word,,原表記: 占領/佔領
顫抖,震える,ㄓㄢˋ ㄉㄡˇ,zhàndǒu,自動詞,7,common,ai,word,,
戰火,戦火,ㄓㄢˋ ㄏㄨㄛˇ,zhànhuǒ,名詞,7,common,ai,word,,
戰機,戦機/戦闘機/軍事機密,ㄓㄢˋ ㄐㄧ,zhànjī,名詞,7,common,ai,word,,
戰亂,戦乱,ㄓㄢˋ ㄌㄨㄢˋ,zhànluàn,名詞,7,common,ai,word,,
戰略,戦略,ㄓㄢˋ ㄌㄩㄝˋ,zhànlüè,名詞,7,common,ai,word,,
戰勝,打ち勝つ/克服する,ㄓㄢˋ ㄕㄥˋ,zhànshèng,動詞,7,common,ai,word,,
戰士,戦士/兵士,ㄓㄢˋ ㄕˋ,zhànshì,名詞,7,common,ai,word,,
戰術,戦術,ㄓㄢˋ ㄕㄨˋ,zhànshù,名詞,7,common,ai,word,,
戰線,戦線/前線,ㄓㄢˋ ㄒㄧㄢˋ,zhànxiàn,名詞,7,common,ai,word,,
戰友,戦友,ㄓㄢˋ ㄧㄡˇ,zhànyǒu,名詞,7,common,ai,word,,
戰戰兢兢,恐れおののく,ㄓㄢˋ ㄓㄢˋ ㄐㄧㄥ ㄐㄧㄥ,zhànzhànjīngjīng,状態動詞(形容詞),7,common,ai,word,,
張貼,掲示する/貼り出す,ㄓㄤ ㄊㄧㄝ,zhāngtiē,動詞,7,common,ai,word,,
長子,長男,ㄓㄤˇ ㄗˇ,zhǎngzǐ,名詞,7,common,ai,word,,
帳篷,テント,ㄓㄤˋ ㄆㄥˊ,zhàngpéng,名詞,7,common,ai,word,,
丈,約3.3メートル/測る/夫,ㄓㄤˋ,zhàng,量詞,7,common,ai,word,,
朝氣,活力/若々しさ,ㄓㄠ ㄑㄧˋ,zhāoqì,名詞,7,common,ai,word,,
著想,配慮する/思いやる,ㄓㄠˊ ㄒㄧㄤˇ,zháoxiǎng,状態動詞(形容詞),7,common,ai,word,,
找尋,探し求める/粗探しする,ㄓㄠˇ ㄒㄩㄣˊ,zhǎoxún,動詞,7,common,ai,word,,
沼澤,沼地/湿地,ㄓㄠˇ ㄗㄜˊ,zhǎozé,名詞,7,common,ai,word,,
召集,招集する/集める,ㄓㄠˋ ㄐㄧˊ,zhàojí,動詞,7,common,ai,word,,
照例,例年通り/いつものように,ㄓㄠˋ ㄌㄧˋ,zhàolì,副詞,7,common,ai,word,,
照耀,照らす/輝く,ㄓㄠˋ ㄧㄠˋ,zhàoyào,動詞,7,common,ai,word,,
遮,覆う/隠す/遮る,ㄓㄜ,zhē,動詞,7,common,ai,word,,
遮蔽,遮る/隠す,ㄓㄜ ㄅㄧˋ,zhēbì,動詞,7,common,ai,word,,
折騰,苦しめる/何度も繰り返す,ㄓㄜ ㄊㄥˊ,zhēténg,動詞,7,common,ai,word,,
針灸,鍼灸,ㄓㄣ ㄐㄧㄡˇ,zhēnjiǔ,自動詞,7,common,ai,word,,
真情,真実/本心,ㄓㄣ ㄑㄧㄥˊ,zhēnqíng,名詞,7,common,ai,word,,
診斷,診断する,ㄓㄣˇ ㄉㄨㄢˋ,zhěnduàn,動詞,7,common,ai,word,,
診所,診療所,ㄓㄣˇ ㄙㄨㄛˇ,zhěnsuǒ,名詞,7,common,ai,word,,
鎮定,落ち着いた/冷静な,ㄓㄣˋ ㄉㄧㄥˋ,zhèndìng,状態動詞(形容詞),7,common,ai,word,,
鎮壓,鎮圧する/抑圧する,ㄓㄣˋ ㄧㄚ,zhènyā,動詞,7,common,ai,word,,
振動,振動する/揺れる,ㄓㄣˋ ㄉㄨㄥˋ,zhèndòng,自動詞,7,common,ai,word,,
震驚,驚愕する/衝撃を受ける,ㄓㄣˋ ㄐㄧㄥ,zhènjīng,状態動詞(形容詞),7,common,ai,word,,
陣營,陣営/派閥,ㄓㄣˋ ㄧㄥˊ,zhènyíng,名詞,7,common,ai,word,,
蒸,蒸す,ㄓㄥ,zhēng,動詞,7,common,ai,word,,
蒸發,蒸発する,ㄓㄥ ㄈㄚ,zhēngfā,自動詞,7,common,ai,word,,
蒸氣,蒸気,ㄓㄥ ㄑㄧˋ,zhēngqì,名詞,7,common,ai,word,,
爭辯,論争する,ㄓㄥ ㄅㄧㄢˋ,zhēngbiàn,自動詞,7,common,ai,word,,
爭奪,奪い合う,ㄓㄥ ㄉㄨㄛˊ,zhēngduó,動詞,7,common,ai,word,,
爭氣,奮起する/見返す,ㄓㄥ ㄑㄧˋ,zhēngqì,状態動詞(形容詞),7,common,ai,word,,
爭議,論争/議論,ㄓㄥ ㄧˋ,zhēngyì,名詞,7,common,ai,word,,
徵收,徴収する,ㄓㄥ ㄕㄡ,zhēngshōu,動詞,7,common,ai,word,,
掙扎,もがく/苦闘する,ㄓㄥ ㄓㄚˊ,zhēngzhá,自動詞,7,common,ai,word,,
整頓,整理する/立て直す,ㄓㄥˇ ㄉㄨㄣˋ,zhěngdùn,動詞,7,common,ai,word,,
整整,まるまる/丸々,ㄓㄥˇ ㄓㄥˇ,zhěngzhěng,副詞,7,common,ai,word,,
正當,正当な/誠実な,ㄓㄥˋ ㄉㄤ,zhèngdāng,状態動詞(形容詞),7,common,ai,word,,
政績,政治的実績,ㄓㄥˋ ㄐㄧ,zhèngjī,名詞,7,common,ai,word,,
政見,政治的見解,ㄓㄥˋ ㄐㄧㄢˋ,zhèngjiàn,名詞,7,common,ai,word,,
政權,政権,ㄓㄥˋ ㄑㄩㄢˊ,zhèngquán,名詞,7,common,ai,word,,
證券,証券,ㄓㄥˋ ㄑㄩㄢˋ,zhèngquàn,名詞,7,common,ai,word,,
證人,証人,ㄓㄥˋ ㄖㄣˊ,zhèngrén,名詞,7,common,ai,word,,
掙,稼ぐ/もがく,ㄓㄥˋ,zhèng,動詞,7,common,ai,word,,
之內,以内,ㄓ ㄋㄟˋ,zhīnèi,名詞,7,common,ai,word,,
之所以,～という理由,ㄓ ㄙㄨㄛˇ ㄧˇ,zhīsuǒyǐ,接続詞,7,common,ai,word,,
支撐,支える/突っ張る,ㄓ ㄔㄥ,zhīchēng,動詞,7,common,ai,word,,
支付,支払う,ㄓ ㄈㄨˋ,zhīfù,動詞,7,common,ai,word,,
支配,支配する/割り当てる,ㄓ ㄆㄟˋ,zhīpèi,動詞,7,common,ai,word,,
支應,対応する/賄う,ㄓ ㄧㄥˋ,zhīyìng,動詞,7,common,ai,word,,
知足,足るを知る,ㄓ ㄗㄨˊ,zhīzú,状態動詞(形容詞),7,common,ai,word,,
織,織る,ㄓ,zhī,動詞,7,common,ai,word,,
直徑,直径,ㄓˊ ㄐㄧㄥˋ,zhíjìng,名詞,7,common,ai,word,,
值班,当直する,ㄓˊ ㄅㄢ,zhíbān,離合動詞,7,common,ai,word,,
值錢,価値がある,ㄓˊ ㄑㄧㄢˊ,zhíqián,状態動詞(形容詞),7,common,ai,word,,
殖民,植民する,ㄓˊ ㄇㄧㄣˊ,zhímín,自動詞,7,common,ai,word,,
質量,質量/品質,ㄓˊ ㄌㄧㄤˋ,zhíliàng,名詞,7,common,ai,word,,
質疑,疑う/問い質す,ㄓˊ ㄧˊ,zhíyí,動詞,7,common,ai,word,,
職務,職務/役職,ㄓˊ ㄨˋ,zhíwù,名詞,7,common,ai,word,,
職責,職責/義務,ㄓˊ ㄗㄜˊ,zhízé,名詞,7,common,ai,word,,
執照,免許証/許可証,ㄓˊ ㄓㄠˋ,zhízhào,名詞,7,common,ai,word,,
執政,政権を握る,ㄓˊ ㄓㄥˋ,zhízhèng,自動詞,7,common,ai,word,,
執著,執着する/ひたむきな,ㄓˊ ㄓㄨㄛˊ,zhízhuó,状態動詞(形容詞),7,common,ai,word,,
只得,～せざるを得ない,ㄓˇ ㄉㄜˊ,zhǐdé,副詞,7,common,ai,word,,
指標,指標/目標,ㄓˇ ㄅㄧㄠ,zhǐbiāo,名詞,7,common,ai,word,,
指點,指し示す/助言する,ㄓˇ ㄉㄧㄢˇ,zhǐdiǎn,動詞,7,common,ai,word,,
指揮,指揮する/指揮者,ㄓˇ ㄏㄨㄟ,zhǐhuī,名詞/動詞,7,common,ai,word,,
指控,告発する,ㄓˇ ㄎㄨㄥˋ,zhǐkòng,動詞,7,common,ai,word,,
指南針,方位磁石,ㄓˇ ㄋㄢˊ ㄓㄣ,zhǐnánzhēn,名詞,7,common,ai,word,,
指數,指数/指数関数,ㄓˇ ㄕㄨˋ,zhǐshù,名詞,7,common,ai,word,,
指望,期待する/望み,ㄓˇ ㄨㄤˋ,zhǐwàng,状態動詞,7,common,ai,word,,
指引,導く/指針,ㄓˇ ㄧㄣˇ,zhǐyǐn,動詞,7,common,ai,word,,
指正,誤りを指摘する/批評する,ㄓˇ ㄓㄥˋ,zhǐzhèng,動詞,7,common,ai,word,,
至今,今まで/今日まで,ㄓˋ ㄐㄧㄣ,zhìjīn,副詞,7,common,ai,word,,
治本,根本的な解決を図る,ㄓˋ ㄅㄣˇ,zhìběn,自動詞,7,common,ai,word,,
治標,対症療法を行う,ㄓˋ ㄅㄧㄠ,zhìbiāo,自動詞,7,common,ai,word,,
治理,統治する/管理する,ㄓˋ ㄌㄧˇ,zhìlǐ,動詞,7,common,ai,word,,
治療,治療する,ㄓˋ ㄌㄧㄠˊ,zhìliáo,動詞,7,common,ai,word,,
志趣,興味/志向,ㄓˋ ㄑㄩˋ,zhìqù,名詞,7,common,ai,word,,
志向,志/目標,ㄓˋ ㄒㄧㄤˋ,zhìxiàng,名詞,7,common,ai,word,,
致詞,挨拶する/演説する,ㄓˋ ㄘˊ,zhìcí,自動詞,7,common,ai,word,,
致富,金持ちになる,ㄓˋ ㄈㄨˋ,zhìfù,状態動詞(形容詞),7,common,ai,word,,
致力,尽力する,ㄓˋ ㄌㄧˋ,zhìlì,状態動詞,7,common,ai,word,,
致命,致命的な,ㄓˋ ㄇㄧㄥˋ,zhìmìng,状態動詞(形容詞),7,common,ai,word,,
致意,挨拶を送る/意を表す,ㄓˋ ㄧˋ,zhìyì,自動詞,7,common,ai,word,,
智力,知能/知力,ㄓˋ ㄌㄧˋ,zhìlì,名詞,7,common,ai,word,,
制裁,制裁する/処罰する,ㄓˋ ㄘㄞˊ,zhìcái,動詞,7,common,ai,word,,
滯留,滞留する/足止めされる,ㄓˋ ㄌㄧㄡˊ,zhìliú,自動詞,7,common,ai,word,,
中斷,中断する,ㄓㄨㄥ ㄉㄨㄢˋ,zhōngduàn,動詞,7,common,ai,word,,
中和,中和する,ㄓㄨㄥ ㄏㄜˊ,zhōnghé,動詞,7,common,ai,word,,
中立,中立の,ㄓㄨㄥ ㄌㄧˋ,zhōnglì,状態動詞(形容詞),7,common,ai,word,,
中葉,中期/中葉,ㄓㄨㄥ ㄧㄝˋ,zhōngyè,名詞,7,common,ai,word,,
中醫,漢方医/中国医学,ㄓㄨㄥ ㄧ,zhōngyī,名詞,7,common,ai,word,,
忠實,忠実な,ㄓㄨㄥ ㄕˊ,zhōngshí,状態動詞(形容詞),7,common,ai,word,,
衷心,心からの/誠実な,ㄓㄨㄥ ㄒㄧㄣ,zhōngxīn,副詞,7,common,ai,word,,
終場,終演/試合終了,ㄓㄨㄥ ㄔㄤˇ,zhōngchǎng,名詞,7,common,ai,word,,
終結,終結させる/終わる,ㄓㄨㄥ ㄐㄧㄝˊ,zhōngjié,動詞,7,common,ai,word,,
終究,結局/最終的に,ㄓㄨㄥ ㄐㄧㄡˋ,zhōngjiù,副詞,7,common,ai,word,,
終身,一生の/終身の,ㄓㄨㄥ ㄕㄣ,zhōngshēn,名詞,7,common,ai,word,,
種種,様々な,ㄓㄨㄥˇ ㄓㄨㄥˇ,zhǒngzhǒng,限定詞,7,common,ai,word,,
種植,栽培する/植える,ㄓㄨㄥˋ ㄓˊ,zhòngzhí,動詞,7,common,ai,word,,
中風,脳卒中を起こす,ㄓㄨㄥˋ ㄈㄥ,zhòngfēng,変化動詞,7,common,ai,word,,
中獎,当選する/当たりを引く,ㄓㄨㄥˋ ㄐㄧㄤˇ,zhòngjiǎng,変化動詞,7,common,ai,word,,
中肯,的を射た/妥当な,ㄓㄨㄥˋ ㄎㄣˇ,zhòngkěn,状態動詞(形容詞),7,common,ai,word,,
中暑,熱中症になる,ㄓㄨㄥˋ ㄕㄨˇ,zhòngshǔ,変化動詞,7,common,ai,word,,
重用,重用する,ㄓㄨㄥˋ ㄩㄥˋ,zhòngyòng,動詞,7,common,ai,word,,
重鎮,要衝/主要拠点,ㄓㄨㄥˋ ㄓㄣˋ,zhòngzhèn,名詞,7,common,ai,word,,
周邊,周辺/周辺機器,ㄓㄡ ㄅㄧㄢ,zhōubiān,名詞,7,common,ai,word,,
周密,綿密な/周到な,ㄓㄡ ㄇㄧˋ,zhōumì,状態動詞(形容詞),7,common,ai,word,,
周詳,詳細な/行き届いた,ㄓㄡ ㄒㄧㄤˊ,zhōuxiáng,状態動詞(形容詞),7,common,ai,word,,
周遊,周遊する/旅行する,ㄓㄡ ㄧㄡˊ,zhōuyóu,動詞,7,common,ai,word,,
周轉,回転させる/やり繰りする,ㄓㄡ ㄓㄨㄢˇ,zhōuzhuǎn,動詞,7,common,ai,word,,
皺,しわが寄る/しわのある,ㄓㄡˋ,zhòu,状態動詞(形容詞),7,common,ai,word,,
皺紋,しわ,ㄓㄡˋ ㄨㄣˊ,zhòuwén,名詞,7,common,ai,word,,
株,株（植物の数え方）,ㄓㄨ,zhū,量詞,7,common,ai,word,,
諸多,多くの,ㄓㄨ ㄉㄨㄛ,zhūduō,限定詞,7,common,ai,word,,
逐,追う/追い出す/一つずつ,ㄓㄨˊ,zhú,介詞(前置詞)/動詞,7,common,ai,word,,
逐步,段階的に/一歩ずつ,ㄓㄨˊ ㄅㄨˋ,zhúbù,副詞,7,common,ai,word,,
主導,主導する/先導する,ㄓㄨˇ ㄉㄠˇ,zhǔdǎo,動詞,7,common,ai,word,,
主見,自分の意見/持論,ㄓㄨˇ ㄐㄧㄢˋ,zhǔjiàn,名詞,7,common,ai,word,,
主力,主力/主要戦力,ㄓㄨˇ ㄌㄧˋ,zhǔlì,名詞,7,common,ai,word,,
主流,主流/本流,ㄓㄨˇ ㄌㄧㄡˊ,zhǔliú,名詞,7,common,ai,word,,
主權,主権,ㄓㄨˇ ㄑㄩㄢˊ,zhǔquán,名詞,7,common,ai,word,,
主人翁,主人公/主役,ㄓㄨˇ ㄖㄣˊ ㄨㄥ,zhǔrénwēng,名詞,7,common,ai,word,,
主義,主義/思想,ㄓㄨˇ ㄧˋ,zhǔyì,名詞,7,common,ai,word,,
主宰,支配する/統治する,ㄓㄨˇ ㄗㄞˇ,zhǔzǎi,動詞,7,common,ai,word,,
主旨,要旨/趣旨,ㄓㄨˇ ㄓˇ,zhǔzhǐ,名詞,7,common,ai,word,,
主軸,中心軸/主軸,ㄓㄨˇ ㄓㄡˊ,zhǔzhóu,名詞,7,common,ai,word,,
囑咐,言い聞かせる/忠告する,ㄓㄨˇ ㄈㄨˋ,zhǔfù,動詞,7,common,ai,word,,
矚目,注目される,ㄓㄨˇ ㄇㄨˋ,zhǔmù,自動詞,7,common,ai,word,,
注定,運命づけられている,ㄓㄨˋ ㄉㄧㄥˋ,zhùdìng,助動詞,7,common,ai,word,,原表記: 注定/註定
注目,注目/注視,ㄓㄨˋ ㄇㄨˋ,zhùmù,自動詞,7,common,ai,word,,
注視,凝視する/注視する,ㄓㄨˋ ㄕˋ,zhùshì,動詞,7,common,ai,word,,
注重,重視する/重んじる,ㄓㄨˋ ㄓㄨㄥˋ,zhùzhòng,状態動詞,7,common,ai,word,,
住宿,宿泊する,ㄓㄨˋ ㄙㄨˋ,zhùsù,自動詞,7,common,ai,word,,
助教,助手/ティーチングアシスタント,ㄓㄨˋ ㄐㄧㄠˋ,zhùjiào,名詞,7,common,ai,word,,
助手,助手/手伝い,ㄓㄨˋ ㄕㄡˇ,zhùshǒu,名詞,7,common,ai,word,,
佇立,立ち尽くす,ㄓㄨˋ ㄌㄧˋ,zhùlì,自動詞,7,common,ai,word,,
著作,著作/執筆する,ㄓㄨˋ ㄗㄨㄛˋ,zhùzuò,名詞,7,common,ai,word,,
駐,駐在する/滞在する,ㄓㄨˋ,zhù,動詞,7,common,ai,word,,
抓緊,しっかり握る/急いで行う,ㄓㄨㄚ ㄐㄧㄣˇ,zhuājǐn,動詞,7,common,ai,word,,
專櫃,専門売り場/専売カウンター,ㄓㄨㄢ ㄍㄨㄟˋ,zhuānguì,名詞,7,common,ai,word,,
專員,専門委員/特派員,ㄓㄨㄢ ㄩㄢˊ,zhuānyuán,名詞,7,common,ai,word,,
專制,専制的な/独裁的な,ㄓㄨㄢ ㄓˋ,zhuānzhì,状態動詞(形容詞),7,common,ai,word,,
磚,レンガ,ㄓㄨㄢ,zhuān,名詞,7,common,ai,word,,
轉動,回転させる/回す,ㄓㄨㄢˇ ㄉㄨㄥˋ,zhuǎndòng,動詞,7,common,ai,word,,
轉化,転換する/変化させる,ㄓㄨㄢˇ ㄏㄨㄚˋ,zhuǎnhuà,変化動詞,7,common,ai,word,,
轉手,転売する/仲介する,ㄓㄨㄢˇ ㄕㄡˇ,zhuǎnshǒu,動詞,7,common,ai,word,,
轉眼,瞬く間に/一瞬,ㄓㄨㄢˇ ㄧㄢˇ,zhuǎnyǎn,副詞,7,common,ai,word,,
轉移,移転する/転移する,ㄓㄨㄢˇ ㄧˊ,zhuǎnyí,動詞,7,common,ai,word,,
轉帳,振り込む/送金する,ㄓㄨㄢˇ ㄓㄤˋ,zhuǎnzhàng,離合動詞,7,common,ai,word,,
撰寫,執筆する/作成する,ㄓㄨㄢˋ ㄒㄧㄝˇ,zhuànxiě,動詞,7,common,ai,word,,
莊嚴,厳粛な/荘厳な,ㄓㄨㄤ ㄧㄢˊ,zhuāngyán,状態動詞(形容詞),7,common,ai,word,,
裝備,装備/装備する,ㄓㄨㄤ ㄅㄟˋ,zhuāngbèi,名詞,7,common,ai,word,,
裝潢,装飾する/内装する,ㄓㄨㄤ ㄏㄨㄤˊ,zhuānghuáng,動詞,7,common,ai,word,,
裝配,組み立てる/装着する,ㄓㄨㄤ ㄆㄟˋ,zhuāngpèi,動詞,7,common,ai,word,,
裝運,積み荷を運ぶ/出荷する,ㄓㄨㄤ ㄩㄣˋ,zhuāngyùn,動詞,7,common,ai,word,,
裝置,装置/設置する,ㄓㄨㄤ ㄓˋ,zhuāngzhì,動詞,7,common,ai,word,,
壯觀,壮観な/見事な,ㄓㄨㄤˋ ㄍㄨㄢ,zhuàngguān,状態動詞(形容詞),7,common,ai,word,,
壯麗,壮麗な/雄大な,ㄓㄨㄤˋ ㄌㄧˋ,zhuànglì,状態動詞(形容詞),7,common,ai,word,,
狀元,首席合格者/状元,ㄓㄨㄤˋ ㄩㄢˊ,zhuàngyuán,名詞,7,common,ai,word,,
追捕,追跡して捕らえる,ㄓㄨㄟ ㄅㄨˇ,zhuībǔ,動詞,7,common,ai,word,,
追查,追及する/調査する,ㄓㄨㄟ ㄔㄚˊ,zhuīchá,動詞,7,common,ai,word,,
追究,責任を追及する,ㄓㄨㄟ ㄐㄧㄡˋ,zhuījiù,動詞,7,common,ai,word,,
準備,準備する / 準備/準備する,ㄓㄨㄣˇ ㄅㄟˋ / ㄓㄨㄣˇ ㄅㄟˋ,zhǔnbèi / zhǔnbèi,名詞,3,common,ai,word,,多音字/多義語: 複数の発音・意味を統合
準則,基準/規範,ㄓㄨㄣˇ ㄗㄜˊ,zhǔnzé,名詞,7,common,ai,word,,
准許,許可する/認める,ㄓㄨㄣˇ ㄒㄩˇ,zhǔnxǔ,動詞,7,common,ai,word,,
卓越,傑出した/優れた,ㄓㄨㄛˊ ㄩㄝˋ,zhuóyuè,状態動詞(形容詞),7,common,ai,word,,
著手,着手する/取りかかる,ㄓㄨㄛˊ ㄕㄡˇ,zhuóshǒu,自動詞,7,common,ai,word,,
著眼,着目する/注目する,ㄓㄨㄛˊ ㄧㄢˇ,zhuóyǎn,自動詞,7,common,ai,word,,
著重,重視する,ㄓㄨㄛˊ ㄓㄨㄥˋ,zhuózhòng,状態動詞,7,common,ai,word,,
酌量,考慮する/酌量する,ㄓㄨㄛˊ ㄌㄧㄤˊ,zhuóliáng,副詞,7,common,ai,word,,
資深,ベテランの/経験豊富な,ㄗ ㄕㄣ,zīshēn,状態動詞(形容詞),7,common,ai,word,,
資助,資金援助する,ㄗ ㄓㄨˋ,zīzhù,動詞,7,common,ai,word,,
姿勢,姿勢/ポーズ,ㄗ ㄕˋ,zīshì,名詞,7,common,ai,word,,
姿態,態度/身構え,ㄗ ㄊㄞˋ,zītài,名詞,7,common,ai,word,,
滋味,味/趣/感じ,ㄗ ㄨㄟˋ,zīwèi,名詞,7,common,ai,word,,
子彈,弾丸,ㄗˇ ㄉㄢˋ,zǐdàn,名詞,7,common,ai,word,,
子弟,子弟/若者,ㄗˇ ㄉㄧˋ,zǐdì,名詞,7,common,ai,word,,
自,自ら/～から,ㄗˋ,zì,介詞(前置詞),7,common,ai,word,,
自稱,自称する,ㄗˋ ㄔㄥ,zìchēng,状態動詞,7,common,ai,word,,
自費,自費の,ㄗˋ ㄈㄟˋ,zìfèi,自動詞,7,common,ai,word,,
自豪,誇らしい,ㄗˋ ㄏㄠˊ,zìháo,状態動詞(形容詞),7,common,ai,word,,
自覺,自覚する/気づく,ㄗˋ ㄐㄩㄝˊ,zìjué,状態動詞,7,common,ai,word,,
自立,自立した,ㄗˋ ㄌㄧˋ,zìlì,状態動詞(形容詞),7,common,ai,word,,
自滿,うぬぼれた/慢心した,ㄗˋ ㄇㄢˇ,zìmǎn,状態動詞(形容詞),7,common,ai,word,,
自身,自身/本人,ㄗˋ ㄕㄣ,zìshēn,名詞,7,common,ai,word,,
自行,自ら行う/自主的な,ㄗˋ ㄒㄧㄥˊ,zìxíng,副詞,7,common,ai,word,,
自制,自制する,ㄗˋ ㄓˋ,zìzhì,自動詞,7,common,ai,word,,
自傳,自伝,ㄗˋ ㄓㄨㄢˋ,zìzhuàn,名詞,7,common,ai,word,,
字體,書体/フォント,ㄗˋ ㄊㄧˇ,zìtǐ,名詞,7,common,ai,word,,
字眼,言葉遣い/言い回し,ㄗˋ ㄧㄢˇ,zìyǎn/zìyǎnr,名詞,7,common,ai,word,,原表記: 字眼/字眼兒
字樣,表記/文言,ㄗˋ ㄧㄤˋ,zìyàng,名詞,7,common,ai,word,,
宗旨,趣旨/目的,ㄗㄨㄥ ㄓˇ,zōngzhǐ,名詞,7,common,ai,word,,
總裁,総裁/社長,ㄗㄨㄥˇ ㄘㄞˊ,zǒngcái,名詞,7,common,ai,word,,
總得,どうしても～しなければならない,ㄗㄨㄥˇ ㄉㄟˇ,zǒngděi,副詞,7,common,ai,word,,
總額,総額,zㄛˇnㄍㄜˊ,zǒngé,名詞,7,common,ai,word,,
總和,合計/総和,ㄗㄨㄥˇ ㄏㄜˊ,zǒnghé,名詞,7,common,ai,word,,
總結,まとめる/総括,ㄗㄨㄥˇ ㄐㄧㄝˊ,zǒngjié,名詞,7,common,ai,word,,
總經理,ゼネラルマネージャー,ㄗㄨㄥˇ ㄐㄧㄥ ㄌㄧˇ,zǒngjīnglǐ,名詞,7,common,ai,word,,
總數,総数,ㄗㄨㄥˇ ㄕㄨˋ,zǒngshù,名詞,7,common,ai,word,,
縱火,放火する,ㄗㄨㄥˋ ㄏㄨㄛˇ,zònghuǒ,離合動詞,7,common,ai,word,,
縱容,甘やかす/見て見ぬふりをする,ㄗㄨㄥˋ ㄖㄨㄥˊ,zòngróng,状態動詞,7,common,ai,word,,
縱使,たとえ～だとしても,ㄗㄨㄥˋ ㄕˇ,zòngshǐ,接続詞,7,common,ai,word,,
走廊,廊下,ㄗㄡˇ ㄌㄤˊ,zǒuláng,名詞,7,common,ai,word,,
揍,殴る,ㄗㄡˋ,zòu,動詞,7,common,ai,word,,
租賃,賃貸する/リースする,ㄗㄨ ㄌㄧㄣˋ,zūlìn,動詞,7,common,ai,word,,
祖宗,先祖,ㄗㄨˇ ㄗㄨㄥ,zǔzōng,名詞,7,common,ai,word,,
阻擋,阻む/遮る,ㄗㄨˇ ㄉㄤˇ,zǔdǎng,動詞,7,common,ai,word,,
阻力,抵抗/抵抗力,ㄗㄨˇ ㄌㄧˋ,zǔlì,名詞,7,common,ai,word,,
阻撓,妨害する/阻止する,ㄗㄨˇ ㄋㄠˊ,zǔnáo,動詞,7,common,ai,word,,
阻塞,詰まる/塞がる,ㄗㄨˇ ㄙㄜˋ,zǔsè,状態動詞(形容詞),7,common,ai,word,,
組裝,組み立てる,ㄗㄨˇ ㄓㄨㄤ,zǔzhuāng,動詞,7,common,ai,word,,
鑽研,深く研究する/探究する,ㄗㄨㄢ ㄧㄢˊ,zuānyán,動詞,7,common,ai,word,,
嘴唇,くちびる,ㄗㄨㄟˇ ㄔㄨㄣˊ,zuǐchún/chún,名詞,7,common,ai,word,,原表記: 嘴唇/嘴脣/唇/脣
罪惡,罪悪/悪事,ㄗㄨㄟˋ ㄜˋ,zuìè,名詞,7,common,ai,word,,
罪名,罪名/汚名,ㄗㄨㄟˋ ㄇㄧㄥˊ,zuìmíng,名詞,7,common,ai,word,,
罪行,犯罪行為,ㄗㄨㄟˋ ㄒㄧㄥˋ,zuìxìng,名詞,7,common,ai,word,,
尊,尊ぶ/敬う,ㄗㄨㄣ,zūn,量詞/状態動詞,7,common,ai,word,,
尊嚴,尊厳/威厳,ㄗㄨㄣ ㄧㄢˊ,zūnyán,名詞,7,common,ai,word,,
遵循,従う/遵守する,ㄗㄨㄣ ㄒㄩㄣˊ,zūnxún,状態動詞,7,common,ai,word,,
作風,作風/やり方,ㄗㄨㄛˋ ㄈㄥ,zuòfēng,名詞,7,common,ai,word,,
作怪,悪さをする/怪奇現象,ㄗㄨㄛˋ ㄍㄨㄞˋ,zuòguài,自動詞,7,common,ai,word,,
作物,農作物,ㄗㄨㄛˋ ㄨˋ,zuòwù,名詞,7,common,ai,word,,
作戰,戦闘する/戦う,ㄗㄨㄛˋ ㄓㄢˋ,zuòzhàn,自動詞,7,common,ai,word,,
作證,証言する,ㄗㄨㄛˋ ㄓㄥˋ,zuòzhèng,離合動詞,7,common,ai,word,,原表記: 作證/做證
坐牢,服役する/投獄される,ㄗㄨㄛˋ ㄌㄠˊ,zuòláo,離合動詞,7,common,ai,word,,
坐鎮,陣頭指揮をとる,ㄗㄨㄛˋ ㄓㄣˋ,zuòzhèn,自動詞,7,common,ai,word,,
座談,座談会をする,ㄗㄨㄛˋ ㄊㄢˊ,zuòtán,自動詞,7,common,ai,word,,
座右銘,座右の銘,ㄗㄨㄛˋ ㄧㄡˋ ㄇㄧㄥˊ,zuòyòumíng,名詞,7,common,ai,word,,
