headword,meaning_ja,zhuyin,pinyin,pos,tocfl_level,taiwan_usage,source,entry_type,scene_tags,notes,en_ref,flag
白菜,白菜,ㄅㄞˊ ㄘㄞˋ,báicài,名詞,5,common,ai,word,,,"Chinese cabbage, esp. napa cabbage (Brassica rapa subsp. pekinensis); sometimes used to refer to bok choy (Brassica rapa",見出し語と同一
博士,博士,ㄅㄛˊ ㄕˋ,bóshì,名詞,5,common,ai,word,,,doctor (as an academic degree); (old) person specialized in a skill or trade; (old) court academician,見出し語と同一
博物館,博物館,ㄅㄛˊ ㄨˋ ㄍㄨㄢˇ,bówùguǎn,名詞,5,common,ai,word,,,museum,見出し語と同一
草原,草原,ㄘㄠˇ ㄩㄢˊ,cǎoyuán,名詞,5,common,ai,word,,,grassland; prairie; CL:片[pian4],見出し語と同一
差異,差異,ㄔㄚ ㄧˋ,chāyì,名詞,5,common,ai,word,,,difference; discrepancy,見出し語と同一
成果,成果,ㄔㄥˊ ㄍㄨㄛˇ,chéngguǒ,名詞,5,common,ai,word,,,result; achievement; gain,見出し語と同一
島,島,ㄉㄠˇ,dǎo,名詞,5,common,ai,word,,,"island; CL:個|个[ge4],座[zuo4]",見出し語と同一
道教,道教,ㄉㄠˋ ㄐㄧㄠˋ,dàojiào,名詞,5,common,ai,word,,,Taoism; Daoism (Chinese system of beliefs),見出し語と同一
地理,地理,ㄉㄧˋ ㄌㄧˇ,dìlǐ,名詞,5,common,ai,word,,,geography,見出し語と同一
地球,地球,ㄉㄧˋ ㄑㄧㄡˊ,dìqiú,名詞,5,common,ai,word,,,the earth,見出し語と同一
地形,地形,ㄉㄧˋ ㄒㄧㄥˊ,dìxíng,名詞,5,common,ai,word,,,topography; terrain; landform,見出し語と同一
電池,電池,ㄉㄧㄢˋ ㄔˊ,diànchí,名詞,5,common,ai,word,,,"battery; CL:節|节[jie2],組|组[zu3]",見出し語と同一
動物園,動物園,ㄉㄨㄥˋ ㄨˋ ㄩㄢˊ,dòngwùyuán,名詞,5,common,ai,word,,,zoo; CL:個|个[ge4],見出し語と同一
都市,都市,ㄉㄨ ㄕˋ,dūshì,名詞,5,common,ai,word,,,city; metropolis,見出し語と同一
夫婦,夫婦,ㄈㄨ ㄈㄨˋ,fūfù,名詞,5,common,ai,word,,,a (married) couple; husband and wife; CL:對|对[dui4],見出し語と同一
工業,工業,ㄍㄨㄥ ㄧㄝˋ,gōngyè,名詞,5,common,ai,word,,,industry,見出し語と同一
古代,古代,ㄍㄨˇ ㄉㄞˋ,gǔdài,名詞,5,common,ai,word,,,ancient times,見出し語と同一
規模,規模,ㄍㄨㄟ ㄇㄛˊ,guīmó,名詞,5,common,ai,word,,,scale; scope; extent,見出し語と同一
航空,航空,ㄏㄤˊ ㄎㄨㄥ,hángkōng,名詞,5,common,ai,word,,,aviation,見出し語と同一
話題,話題,ㄏㄨㄚˋ ㄊㄧˊ,huàtí,名詞,5,common,ai,word,,,subject (of a talk or conversation); topic,見出し語と同一
回,回,ㄏㄨㄟˊ,huí,量詞,5,common,ai,word,,,to circle; to go back; to turn around,見出し語と同一
記者,記者,ㄐㄧˋ ㄓㄜˇ,jìzhě,名詞,5,common,ai,word,,,reporter; journalist; CL:個|个[ge4],見出し語と同一
肩,肩,ㄐㄧㄢ,jiān,名詞,5,common,ai,word,,,shoulder; to shoulder (responsibilities etc),見出し語と同一
教材,教材,ㄐㄧㄠˋ ㄘㄞˊ,jiàocái,名詞,5,common,ai,word,,,teaching material; CL:本[ben3],見出し語と同一
教師,教師,ㄐㄧㄠˋ ㄕ,jiàoshī,名詞,5,common,ai,word,,,teacher; CL:個|个[ge4],見出し語と同一
軍隊,軍隊,ㄐㄩㄣ ㄉㄨㄟˋ,jūnduì,名詞,5,common,ai,word,,,"armed forces; troops; CL:支[zhi1],個|个[ge4]",見出し語と同一
軍人,軍人,ㄐㄩㄣ ㄖㄣˊ,jūnrén,名詞,5,common,ai,word,,,serviceman; soldier; military personnel,見出し語と同一
龍,龍,ㄌㄨㄥˊ,lóng,名詞,5,common,ai,word,,,Chinese dragon; loong; (fig.) emperor; dragon,見出し語と同一
貿易,貿易,ㄇㄠˋ ㄧˋ,màoyì,名詞,5,common,ai,word,,,(commercial) trade; CL:個|个[ge4],見出し語と同一
面積,面積,ㄇㄧㄢˋ ㄐㄧ,miànjī,名詞,5,common,ai,word,,,"area (of a floor, piece of land etc); surface area; tract of land",見出し語と同一
秘密,秘密,ㄇㄧˋ ㄇㄧˋ,mìmì,名詞,5,common,ai,word,,原表記: 秘密/祕密,secret; private; confidential; clandestine; a secret (CL:個|个[ge4]),見出し語と同一
年,年,ㄋㄧㄢˊ,nián,名詞,5,common,ai,word,,,year; CL:個|个[ge4],見出し語と同一
農業,農業,ㄋㄨㄥˊ ㄧㄝˋ,nóngyè,名詞,5,common,ai,word,,,agriculture; farming,見出し語と同一
鉛筆,鉛筆,ㄑㄧㄢ ㄅㄧˇ,qiānbǐ,名詞,5,common,ai,word,,,"(lead) pencil; CL:支[zhi1],枝[zhi1],桿|杆[gan3]",見出し語と同一
橋,橋,ㄑㄧㄠˊ,qiáo,名詞,5,common,ai,word,,,bridge; CL:座[zuo4],見出し語と同一
期間,期間,ㄑㄧˊ ㄐㄧㄢ,qíjiān,名詞,5,common,ai,word,,,period of time; time; time period,見出し語と同一
青年,青年,ㄑㄧㄥ ㄋㄧㄢˊ,qīngnián,名詞,5,common,ai,word,,,youth; youthful years; young person,見出し語と同一
青少年,青少年,ㄑㄧㄥ ㄕㄠˋ ㄋㄧㄢˊ,qīngshàonián,名詞,5,common,ai,word,,,adolescent; youth; teenager,見出し語と同一
企業,企業,ㄑㄧˋ ㄧㄝˋ,qìyè,名詞,5,common,ai,word,,,company; firm; enterprise; corporation; CL:家[jia1],見出し語と同一
全身,全身,ㄑㄩㄢˊ ㄕㄣ,quánshēn,名詞,5,common,ai,word,,,the whole body; (typography) em,見出し語と同一
人口,人口,ㄖㄣˊ ㄎㄡˇ,rénkǒu,名詞,5,common,ai,word,,,population; people,見出し語と同一
人類,人類,ㄖㄣˊ ㄌㄟˋ,rénlèi,名詞,5,common,ai,word,,,humanity; human race; mankind,見出し語と同一
森林,森林,ㄙㄣ ㄌㄧㄣˊ,sēnlín,名詞,5,common,ai,word,,,forest; CL:片[pian4],見出し語と同一
時代,時代,ㄕˊ ㄉㄞˋ,shídài,名詞,5,common,ai,word,,,"Time, US weekly news magazine ‖ age",見出し語と同一
石油,石油,ㄕˊ ㄧㄡˊ,shíyóu,名詞,5,common,ai,word,,,oil; petroleum,見出し語と同一
市長,市長,ㄕˋ ㄓㄤˇ,shìzhǎng,名詞,5,common,ai,word,,,mayor,見出し語と同一
樹木,樹木,ㄕㄨˋ ㄇㄨˋ,shùmù,名詞,5,common,ai,word,,,tree,見出し語と同一
投資,投資,ㄊㄡˊ ㄗ / ㄊㄡˊ ㄗ,tóuzī / tóuzī,動詞/名詞,5,common,ai,word,,多音字/多義語: 複数の発音・意味を統合,investment; to invest,見出し語と同一
香水,香水,ㄒㄧㄤ ㄕㄨㄟˇ,xiāngshuǐ,名詞,5,common,ai,word,,,perfume; cologne,見出し語と同一
血,血,ㄒㄧㄝˇ,xiě,名詞,5,common,ai,word,,,"blood; colloquial pr. [xie3]; CL:滴[di1],片[pian4]",見出し語と同一
性別,性別,ㄒㄧㄥˋ ㄅㄧㄝˊ,xìngbié,名詞,5,common,ai,word,,,gender; sex,見出し語と同一
羊,羊,ㄧㄤˊ,yáng,名詞,5,common,ai,word,,,"sheep; goat; CL:頭|头[tou2],隻|只[zhi1]",見出し語と同一
月餅,月餅,ㄩㄝˋ ㄅㄧㄥˇ,yuèbǐng,名詞,5,common,ai,word,,,mooncake (esp. for the Mid-Autumn Festival),見出し語と同一
雲,雲,ㄩㄣˊ,yún,名詞,5,common,ai,word,,,cloud; CL:朵[duo3],見出し語と同一
植物,植物,ㄓˊ ㄨˋ,zhíwù,名詞,5,common,ai,word,,,plant; vegetation; CL:種|种[zhong3],見出し語と同一
真理,真理,ㄓㄣ ㄌㄧˇ,zhēnlǐ,名詞,5,common,ai,word,,,truth; CL:個|个[ge4],見出し語と同一
政治,政治,ㄓㄥˋ ㄓˋ,zhèngzhì,名詞,5,common,ai,word,,,politics; political,見出し語と同一
主婦,主婦,ㄓㄨˇ ㄈㄨˋ,zhǔfù,名詞,5,common,ai,word,,,housewife; woman of senior authority in a household; the lady of the house,見出し語と同一
資源,資源,ㄗ ㄩㄢˊ,zīyuán,名詞,5,common,ai,word,,,"Ziyuan county in Guilin 桂林[Gui4 lin2], Guangxi ‖ natural resource (such as water or miner",見出し語と同一
宗教,宗教,ㄗㄨㄥ ㄐㄧㄠˋ,zōngjiào,名詞,5,common,ai,word,,,religion,見出し語と同一
最初,最初,ㄗㄨㄟˋ ㄔㄨ,zuìchū,名詞,5,common,ai,word,,,first; primary; initial,見出し語と同一
最後,最後,ㄗㄨㄟˋ ㄏㄡˋ,zuìhòu,名詞,5,common,ai,word,,,final; last; finally,見出し語と同一
作品,作品,ㄗㄨㄛˋ ㄆㄧㄣˇ,zuòpǐn,名詞,5,common,ai,word,,,"work (of art); opus; CL:部[bu4],篇[pian1]",見出し語と同一
作者,作者,ㄗㄨㄛˋ ㄓㄜˇ,zuòzhě,名詞,5,common,ai,word,,,author; writer,見出し語と同一
悲劇,悲劇,ㄅㄟ ㄐㄩˋ,bēijù,名詞,6,common,ai,word,,,tragedy; CL:齣|出[chu1],見出し語と同一
表情,表情,ㄅㄧㄠˇ ㄑㄧㄥˊ,biǎoqíng,名詞,6,common,ai,word,,,(facial) expression; to express one's feelings,見出し語と同一
倉庫,倉庫,ㄘㄤ ㄎㄨˋ,cāngkù,名詞,6,common,ai,word,,,depot; storehouse; warehouse,見出し語と同一
長方形,長方形,ㄔㄤˊ ㄈㄤ ㄒㄧㄥˊ,chángfāngxíng,名詞,6,common,ai,word,,,rectangle,見出し語と同一
常識,常識,ㄔㄤˊ ㄕˋ,chángshì,名詞,6,common,ai,word,,,common sense; general knowledge; CL:門|门[men2],見出し語と同一
茶葉,茶葉,ㄔㄚˊ ㄧㄝˋ,cháyè,名詞,6,common,ai,word,,,"tea; tea leaves; CL:盒[he2],罐[guan4],包[bao1],片[pian4]",見出し語と同一
成人,成人,ㄔㄥˊ ㄖㄣˊ,chéngrén,名詞,6,common,ai,word,,,to reach adulthood; an adult,見出し語と同一
誠意,誠意,ㄔㄥˊ ㄧˋ,chéngyì,名詞,6,common,ai,word,,,sincerity; good faith,見出し語と同一
電報,電報,ㄉㄧㄢˋ ㄅㄠˋ,diànbào,名詞,6,common,ai,word,,,telegram; cable; telegraph,見出し語と同一
電子,電子,ㄉㄧㄢˋ ㄗˇ,diànzǐ,名詞,6,common,ai,word,,,electronic; electron (particle physics),見出し語と同一
地震,地震,ㄉㄧˋ ㄓㄣˋ,dìzhèn,変化動詞,6,common,ai,word,,,earthquake,見出し語と同一
動詞,動詞,ㄉㄨㄥˋ ㄘˊ,dòngcí,名詞,6,common,ai,word,,,verb,見出し語と同一
肺,肺,ㄈㄟˋ,fèi,名詞,6,common,ai,word,,,lung; CL:個|个[ge4],見出し語と同一
蜂蜜,蜂蜜,ㄈㄥ ㄇㄧˋ,fēngmì,名詞,6,common,ai,word,,,honey,見出し語と同一
高原,高原,ㄍㄠ ㄩㄢˊ,gāoyuán,名詞,6,common,ai,word,,,plateau; CL:片[pian4],見出し語と同一
歌手,歌手,ㄍㄜ ㄕㄡˇ,gēshǒu,名詞,6,common,ai,word,,,singer,見出し語と同一
公式,公式,ㄍㄨㄥ ㄕˋ,gōngshì,名詞,6,common,ai,word,,,formula,見出し語と同一
構造,構造,ㄍㄡˋ ㄗㄠˋ,gòuzào,名詞,6,common,ai,word,,,structure; composition; tectonic (geology),見出し語と同一
貴族,貴族,ㄍㄨㄟˋ ㄗㄨˊ,guìzú,名詞,6,common,ai,word,,,lord; nobility; nobleman,見出し語と同一
鍋,鍋,ㄍㄨㄛ(ㄗ˙),guō(zi),名詞,6,common,ai,word,,原表記: 鍋(子),"pot; pan; wok; cauldron; pot-shaped thing; CL:口[kou3],隻|只[zhi1]",見出し語と同一
顧問,顧問,ㄍㄨˋ ㄨㄣˋ,gùwèn,名詞,6,common,ai,word,,,adviser; consultant,見出し語と同一
海軍,海軍,ㄏㄞˇ ㄐㄩㄣ,hǎijūn,名詞,6,common,ai,word,,,navy,見出し語と同一
海外,海外,ㄏㄞˇ ㄨㄞˋ,hǎiwài,名詞,6,common,ai,word,,,overseas; abroad,見出し語と同一
痕跡,痕跡,ㄏㄣˊ ㄐㄧ,hénjī,名詞,6,common,ai,word,,,vestige; mark; trace,見出し語と同一
後方,後方,ㄏㄡˋ ㄈㄤ,hòufāng,名詞,6,common,ai,word,,,the rear; far behind the front line,見出し語と同一
皇帝,皇帝,ㄏㄨㄤˊ ㄉㄧˋ,huángdì,名詞,6,common,ai,word,,,emperor; CL:個|个[ge4],見出し語と同一
華僑,華僑,ㄏㄨㄚˊ ㄑㄧㄠˊ,huáqiáo,名詞,6,common,ai,word,,,"overseas Chinese; (in a restricted sense) Chinese emigrant who still retains Chinese nationality; CL:個|个[ge4],位[wei4],名[",見出し語と同一
華人,華人,ㄏㄨㄚˊ ㄖㄣˊ,huárén,名詞,6,common,ai,word,,,ethnic Chinese person or people,見出し語と同一
灰色,灰色,ㄏㄨㄟ ㄙㄜˋ,huīsè,名詞,6,common,ai,word,,,gray; ash gray; grizzly,見出し語と同一
火災,火災,ㄏㄨㄛˇ ㄗㄞ,huǒzāi,名詞,6,common,ai,word,,,serious fire (in a city or a forest etc),見出し語と同一
家電,家電,ㄐㄧㄚ ㄉㄧㄢˋ,jiādiàn,名詞,6,common,ai,word,,,household electric appliance; abbr. for 家用電器|家用电器,見出し語と同一
郊外,郊外,ㄐㄧㄠ ㄨㄞˋ,jiāowài,名詞,6,common,ai,word,,,outskirts,見出し語と同一
家事,家事,ㄐㄧㄚ ㄕˋ,jiāshì,名詞,6,common,ai,word,,,family matters; domestic affairs; housework,見出し語と同一
結論,結論,ㄐㄧㄝˊ ㄌㄨㄣˋ,jiélùn,名詞,6,common,ai,word,,,conclusion; verdict; CL:個|个[ge4],見出し語と同一
基金,基金,ㄐㄧ ㄐㄧㄣ,jījīn,名詞,6,common,ai,word,,,fund,見出し語と同一
金額,金額,ㄐㄧ ㄋㄜˊ,jīné,名詞,6,common,ai,word,,,sum of money; monetary value,見出し語と同一
京劇,京劇,ㄐㄧㄥ ㄐㄩˋ,jīngjù,名詞,6,common,ai,word,,,"Beijing opera; CL:場|场[chang3],齣|出[chu1]",見出し語と同一
景色,景色,ㄐㄧㄥˇ ㄙㄜˋ,jǐngsè,名詞,6,common,ai,word,,,scenery; scene; landscape,見出し語と同一
今後,今後,ㄐㄧㄣ ㄏㄡˋ,jīnhòu,名詞,6,common,ai,word,,,hereafter; henceforth; in the future,見出し語と同一
金融,金融,ㄐㄧㄣ ㄖㄨㄥˊ,jīnróng,名詞,6,common,ai,word,,,banking; finance; financial,見出し語と同一
近視,近視,ㄐㄧㄣˋ ㄕˋ,jìnshì,状態動詞(形容詞),6,common,ai,word,,,shortsighted; nearsighted; myopia,見出し語と同一
技術,技術,ㄐㄧˋ ㄕㄨˋ,jìshù,名詞,6,common,ai,word,,,"technology; technique; skill; CL:門|门[men2],種|种[zhong3],項|项[xiang4]",見出し語と同一
機械,機械,ㄐㄧ ㄒㄧㄝˋ,jīxiè,名詞,6,common,ai,word,,,machine; machinery; mechanical,見出し語と同一
劇場,劇場,ㄐㄩˋ ㄔㄤˇ,jùchǎng,名詞,6,common,ai,word,,,theater; CL:座[zuo4],見出し語と同一
軍事,軍事,ㄐㄩㄣ ㄕˋ,jūnshì,名詞,6,common,ai,word,,,military affairs; (attributive) military,見出し語と同一
科目,科目,ㄎㄜ ㄇㄨˋ,kēmù,名詞,6,common,ai,word,,,academic subject; field of study,見出し語と同一
空中,空中,ㄎㄨㄥ ㄓㄨㄥ,kōngzhōng,名詞,6,common,ai,word,,,in the sky; in the air,見出し語と同一
口紅,口紅,ㄎㄡˇ ㄏㄨㄥˊ,kǒuhóng,名詞,6,common,ai,word,,,lipstick,見出し語と同一
老年,老年,ㄌㄠˇ ㄋㄧㄢˊ,lǎonián,名詞,6,common,ai,word,,,elderly; old age; autumn of one's years,見出し語と同一
粒,粒,ㄌㄧˋ,lì,量詞,6,common,ai,word,,,"grain; granule; pellet; particle; classifier for small round objects (peas, bullets, peanuts, pills, grains etc); (Tw) c",見出し語と同一
梨,梨,ㄌㄧˊ(ㄗ˙),lí(zi),名詞,6,common,ai,word,,原表記: 梨(子),pear; CL:個|个[ge4],見出し語と同一
立場,立場,ㄌㄧˋ ㄔㄤˇ,lìchǎng,名詞,6,common,ai,word,,,position; standpoint; CL:個|个[ge4],見出し語と同一
領土,領土,ㄌㄧㄥˇ ㄊㄨˇ,lǐngtǔ,名詞,6,common,ai,word,,,territory,見出し語と同一
理由,理由,ㄌㄧˇ ㄧㄡˊ,lǐyóu,名詞,6,common,ai,word,,,reason; grounds; justification,見出し語と同一
陸軍,陸軍,ㄌㄨˋ ㄐㄩㄣ,lùjūn,名詞,6,common,ai,word,,,army; ground forces,見出し語と同一
論文,論文,ㄌㄨㄣˋ ㄨㄣˊ,lùnwén,名詞,6,common,ai,word,,,paper; treatise; thesis,見出し語と同一
矛盾,矛盾,ㄇㄠˊ ㄉㄨㄣˋ,máodùn,状態動詞(形容詞),6,common,ai,word,,,contradiction; CL:個|个[ge4]; conflicting views,見出し語と同一
魅力,魅力,ㄇㄟˋ ㄌㄧˋ,mèilì,名詞,6,common,ai,word,,,charm; fascination; glamor,見出し語と同一
美容院,美容院,ㄇㄟˇ ㄖㄨㄥˊ ㄩㄢˋ,měiróngyuàn,名詞,6,common,ai,word,,,beauty salon; beauty parlor,見出し語と同一
秘書,秘書,ㄇㄧˋ ㄕㄨ,mìshū,名詞,6,common,ai,word,,原表記: 秘書/祕書,secretary,見出し語と同一
目的地,目的地,ㄇㄨˋ ㄉㄧˋ ㄉㄧˋ,mùdìdì,名詞,6,common,ai,word,,,destination (location),見出し語と同一
男性,男性,ㄋㄢˊ ㄒㄧㄥˋ,nánxìng,名詞,6,common,ai,word,,,the male sex; a male,見出し語と同一
農場,農場,ㄋㄨㄥˊ ㄔㄤˇ,nóngchǎng,名詞,6,common,ai,word,,,farm,見出し語と同一
女性,女性,ㄋㄩˇ ㄒㄧㄥˋ,nǚxìng,名詞,6,common,ai,word,,,woman; the female sex,見出し語と同一
旗,旗,ㄑㄧˊ(ㄗ˙),qí(zi),名詞,6,common,ai,word,,原表記: 旗(子),banner; flag; (in Qing times) Manchu (cf. 八旗[Ba1 qi2]),見出し語と同一
妻,妻,ㄑㄧ,qī/qīzǐ,名詞,6,common,ai,word,,原表記: 妻/妻子,(bound form) wife ‖ to marry off (a daughter),見出し語と同一
器官,器官,ㄑㄧˋ ㄍㄨㄢ,qìguān,名詞,6,common,ai,word,,,(physiology) organ; apparatus,見出し語と同一
親戚,親戚,ㄑㄧㄣ ㄑㄧ,qīnqī,名詞,6,common,ai,word,,,"a relative (i.e. family relation); CL:門|门[men2],個|个[ge4],位[wei4]",見出し語と同一
燃料,燃料,ㄖㄢˊ ㄌㄧㄠˋ,ránliào,名詞,6,common,ai,word,,,fuel,見出し語と同一
人生,人生,ㄖㄣˊ ㄕㄥ,rénshēng,名詞,6,common,ai,word,,,life (one's time on earth),見出し語と同一
日用品,日用品,ㄖˋ ㄩㄥˋ ㄆㄧㄣˇ,rìyòngpǐn,名詞,6,common,ai,word,,,"articles for daily use; CL:件[jian4],個|个[ge4]",見出し語と同一
三角形,三角形,ㄙㄢ ㄐㄧㄠˇ ㄒㄧㄥˊ,sānjiǎoxíng,名詞,6,common,ai,word,,,triangle,見出し語と同一
山地,山地,ㄕㄢ ㄉㄧˋ,shāndì,名詞,6,common,ai,word,,,mountainous region; hilly area; hilly country,見出し語と同一
扇子,扇子,ㄕㄢˋ ˙ㄗ,shànzi,名詞,6,common,ai,word,,,fan; CL:把[ba3],見出し語と同一
少年,少年,ㄕㄠˋ ㄋㄧㄢˊ,shàonián,名詞,6,common,ai,word,,,early youth; youngster; (literary) youth; young man,見出し語と同一
少女,少女,ㄕㄠˋ ㄋㄩˇ,shàonǚ,名詞,6,common,ai,word,,,girl; young lady,見出し語と同一
社交,社交,ㄕㄜˋ ㄐㄧㄠ,shèjiāo,名詞,6,common,ai,word,,,interaction; social contact,見出し語と同一
神,神,ㄕㄣˊ / ㄕㄣˊ,shén / shén,名詞/状態動詞(形容詞),6,common,ai,word,,多音字/多義語: 複数の発音・意味を統合,God ‖ god; deity,見出し語と同一
身分,身分,ㄕㄣ ㄈㄣˋ,shēnfèn,名詞,6,common,ai,word,,,variant of 身份[shen1fen4],見出し語と同一
勝利,勝利,ㄕㄥˋ ㄌㄧˋ,shènglì,変化動詞,6,common,ai,word,,,victory; CL:個|个[ge4],見出し語と同一
神話,神話,ㄕㄣˊ ㄏㄨㄚˋ,shénhuà,名詞,6,common,ai,word,,,legend; fairy tale; myth,見出し語と同一
深夜,深夜,ㄕㄣ ㄧㄝˋ,shēnyè,名詞,6,common,ai,word,,,very late at night,見出し語と同一
世紀,世紀,ㄕˋ ㄐㄧˋ,shìjì,名詞,6,common,ai,word,,,century; CL:個|个[ge4],見出し語と同一
市民,市民,ㄕˋ ㄇㄧㄣˊ,shìmín,名詞,6,common,ai,word,,,city resident,見出し語と同一
食品,食品,ㄕˊ ㄆㄧㄣˇ,shípǐn,名詞,6,common,ai,word,,,foodstuff; food; provisions; CL:種|种[zhong3],見出し語と同一
詩人,詩人,ㄕ ㄖㄣˊ,shīrén,名詞,6,common,ai,word,,,bard; poet,見出し語と同一
首都,首都,ㄕㄡˇ ㄉㄨ,shǒudū,名詞,6,common,ai,word,,,capital (city); CL:個|个[ge4],見出し語と同一
手術,手術,ㄕㄡˇ ㄕㄨˋ,shǒushù,名詞,6,common,ai,word,,,(surgical) operation; surgery; CL:個|个[ge4],見出し語と同一
四季,四季,ㄙˋ ㄐㄧˋ,sìjì,名詞,6,common,ai,word,,,"four seasons, namely: spring 春[chun1], summer 夏[xia4], autumn 秋[qiu1] and winter 冬[dong1]",見出し語と同一
太極拳,太極拳,ㄊㄞˋ ㄐㄧˊ ㄑㄩㄢˊ,tàijíquán,名詞,6,common,ai,word,,,"shadowboxing or Taiji, T'aichi or T'aichichuan; traditional form of physical exercise or relaxation; a martial art",見出し語と同一
桃,桃,ㄊㄠˊ(ㄗ˙),táo(zi),名詞,6,common,ai,word,,原表記: 桃(子),peach,見出し語と同一
天才,天才,ㄊㄧㄢ ㄘㄞˊ,tiāncái,名詞,6,common,ai,word,,,talent; gift; genius,見出し語と同一
銅,銅,ㄊㄨㄥˊ,tóng,名詞,6,common,ai,word,,,copper (chemistry); see also 紅銅|红铜[hong2 tong2]; CL:塊|块[kuai4],見出し語と同一
外交,外交,ㄨㄞˋ ㄐㄧㄠ,wàijiāo,名詞,6,common,ai,word,,,diplomacy; diplomatic; foreign affairs,見出し語と同一
外科,外科,ㄨㄞˋ ㄎㄜ,wàikē,名詞,6,common,ai,word,,,surgery (branch of medicine),見出し語と同一
危機,危機,ㄨㄟˊ ㄐㄧ,wéijī,名詞,6,common,ai,word,,,crisis; CL:個|个[ge4],見出し語と同一
衛星,衛星,ㄨㄟˋ ㄒㄧㄥ,wèixīng,名詞,6,common,ai,word,,,satellite; moon; CL:顆|颗[ke1],見出し語と同一
委員,委員,ㄨㄟˇ ㄩㄢˊ,wěiyuán,名詞,6,common,ai,word,,,committee member,見出し語と同一
霧,霧,ㄨˋ,wù,名詞,6,common,ai,word,,,"fog; mist; CL:場|场[chang2],陣|阵[zhen4]",見出し語と同一
武器,武器,ㄨˇ ㄑㄧˋ,wǔqì,名詞,6,common,ai,word,,,weapon; arms; CL:種|种[zhong3],見出し語と同一
武術,武術,ㄨˇ ㄕㄨˋ,wǔshù,名詞,6,common,ai,word,,,military skill or technique (in former times); all kinds of martial art sports (some claiming spiritual development); se,見出し語と同一
舞台,舞台,ㄨˇ ㄊㄞˊ,wǔtái,名詞,6,common,ai,word,,原表記: 舞台/舞臺,,見出し語と同一
物質,物質,ㄨˋ ㄓˊ,wùzhí,名詞,6,common,ai,word,,,matter; substance; material,見出し語と同一
現場,現場,ㄒㄧㄢˋ ㄔㄤˇ,xiànchǎng,名詞,6,common,ai,word,,,"the scene (of a crime, accident etc); (on) the spot; (at) the site",見出し語と同一
現金,現金,ㄒㄧㄢˋ ㄐㄧㄣ,xiànjīn,名詞,6,common,ai,word,,,cash,見出し語と同一
細胞,細胞,ㄒㄧˋ ㄅㄠ,xìbāo,名詞,6,common,ai,word,,,cell (biology),見出し語と同一
血管,血管,ㄒㄧㄝˇ ㄍㄨㄢˇ,xiěguǎn,名詞,6,common,ai,word,,,vein; artery; CL:根[gen1],見出し語と同一
血液,血液,ㄒㄧㄝˇ ㄧㄝˋ,xiěyè,名詞,6,common,ai,word,,,blood; (fig.) lifeblood,見出し語と同一
喜劇,喜劇,ㄒㄧˇ ㄐㄩˋ,xǐjù,名詞,6,common,ai,word,,,"a comedy; CL:部[bu4],齣|出[chu1]",見出し語と同一
細菌,細菌,ㄒㄧˋ ㄐㄩㄣˋ,xìjùn,名詞,6,common,ai,word,,,bacterium; germ,見出し語と同一
新郎,新郎,ㄒㄧㄣ ㄌㄤˊ,xīnláng,名詞,6,common,ai,word,,,bridegroom; groom,見出し語と同一
信用,信用,ㄒㄧㄣˋ ㄩㄥˋ,xìnyòng,名詞,6,common,ai,word,,,trustworthiness; (commerce) credit; (literary) to trust and appoint,見出し語と同一
腰,腰,ㄧㄠ,yāo,名詞,6,common,ai,word,,,the waist and lower back; (bound form) kidney of an animal (as food); the waist of trousers or a skirt,見出し語と同一
葉,葉,ㄧㄝˋ(ㄗ˙),yè(zi),量詞/名詞,6,common,ai,word,,原表記: 葉(子),leaf; page; lobe,見出し語と同一
夜景,夜景,ㄧㄝˋ ㄐㄧㄥˇ,yèjǐng,名詞,6,common,ai,word,,,nightscape,見出し語と同一
野心,野心,ㄧㄝˇ ㄒㄧㄣ,yěxīn,名詞,6,common,ai,word,,,ambition; wild schemes; careerism,見出し語と同一
英雄,英雄,ㄧㄥ ㄒㄩㄥˊ,yīngxióng,名詞,6,common,ai,word,,,hero; CL:個|个[ge4],見出し語と同一
印象,印象,ㄧㄣˋ ㄒㄧㄤˋ,yìnxiàng,名詞,6,common,ai,word,,,impression (sth that stays in one's mind); a memory,見出し語と同一
儀式,儀式,ㄧˊ ㄕˋ,yíshì,名詞,6,common,ai,word,,,ceremony,見出し語と同一
原則,原則,ㄩㄢˊ ㄗㄜˊ,yuánzé,名詞,6,common,ai,word,,,principle; doctrine; CL:個|个[ge4],見出し語と同一
月光,月光,ㄩㄝˋ ㄍㄨㄤ,yuèguāng,名詞,6,common,ai,word,,,moonlight,見出し語と同一
災害,災害,ㄗㄞ ㄏㄞˋ,zāihài,名詞,6,common,ai,word,,,calamity; disaster; CL:個|个[ge4],見出し語と同一
政策,政策,ㄓㄥˋ ㄘㄜˋ,zhèngcè,名詞,6,common,ai,word,,,policy; CL:個|个[ge4],見出し語と同一
正方形,正方形,ㄓㄥˋ ㄈㄤ ㄒㄧㄥˊ,zhèngfāngxíng,名詞,6,common,ai,word,,,square,見出し語と同一
政府,政府,ㄓㄥˋ ㄈㄨˇ,zhèngfǔ,名詞,6,common,ai,word,,,government; CL:個|个[ge4],見出し語と同一
中級,中級,ㄓㄨㄥ ㄐㄧˊ,zhōngjí,名詞,6,common,ai,word,,,middle level (in a hierarchy),見出し語と同一
種類,種類,ㄓㄨㄥˇ ㄌㄟˋ,zhǒnglèi,名詞,6,common,ai,word,,,kind; genus; type,見出し語と同一
中年,中年,ㄓㄨㄥ ㄋㄧㄢˊ,zhōngnián,名詞,6,common,ai,word,,,middle age,見出し語と同一
週,週,ㄓㄡ,zhōu,量詞,6,common,ai,word,,,week; weekly; variant of 周[zhou1],見出し語と同一
竹,竹,ㄓㄨˊ(ㄗ˙),zhú(zi),名詞,6,common,ai,word,,原表記: 竹(子),"bamboo; CL:棵[ke1],支[zhi1],根[gen1]; Kangxi radical 118",見出し語と同一
住宅,住宅,ㄓㄨˋ ㄓㄞˊ,zhùzhái,名詞,6,common,ai,word,,,residence; dwelling; abode,見出し語と同一
資本,資本,ㄗ ㄅㄣˇ,zīběn,名詞,6,common,ai,word,,,capital (economics),見出し語と同一
資格,資格,ㄗ ㄍㄜˊ,zīgé,名詞,6,common,ai,word,,,qualifications; seniority,見出し語と同一
資金,資金,ㄗ ㄐㄧㄣ,zījīn,名詞,6,common,ai,word,,,funds; capital,見出し語と同一
字幕,字幕,ㄗˋ ㄇㄨˋ,zìmù,名詞,6,common,ai,word,,,subtitles; captions (of a movie etc),見出し語と同一
作家,作家,ㄗㄨㄛˋ ㄐㄧㄚ,zuòjiā,名詞,6,common,ai,word,,,"author; CL:個|个[ge4],位[wei4]",見出し語と同一
半島,半島,ㄅㄢˋ ㄉㄠˇ,bàndǎo,名詞,7,common,ai,word,,,peninsula,見出し語と同一
本質,本質,ㄅㄣˇ ㄓˊ,běnzhí,名詞,7,common,ai,word,,,essence; nature; innate character,見出し語と同一
病床,病床,ㄅㄧㄥˋ ㄔㄨㄤˊ,bìngchuáng,名詞,7,common,ai,word,,,hospital bed; sickbed,見出し語と同一
波,波,ㄅㄛ,bō,量詞,7,common,ai,word,,,(bound form) Poland (abbr. for 波蘭|波兰[Bo1lan2]); surname Bo ‖ wave,見出し語と同一
財政,財政,ㄘㄞˊ ㄓㄥˋ,cáizhèng,名詞,7,common,ai,word,,,finances (public); financial,見出し語と同一
採光,採光,ㄘㄞˇ ㄍㄨㄤ,cǎiguāng,名詞,7,common,ai,word,,,to get natural light (e.g. through a window),見出し語と同一
腸,腸,ㄔㄤˊ(ㄗ˙),cháng(zi),名詞,7,common,ai,word,,原表記: 腸(子),intestines,見出し語と同一
誠心誠意,誠心誠意,ㄔㄥˊ ㄒㄧㄣ ㄔㄥˊ ㄧˋ,chéngxīnchéngyì,状態動詞(形容詞),7,common,ai,word,,,earnestly and sincerely (idiom); with all sincerity,見出し語と同一
池,池,ㄔˊ(ㄗ˙),chí(zi),名詞,7,common,ai,word,,原表記: 池(子),pond; reservoir; moat,見出し語と同一
初期,初期,ㄔㄨ ㄑㄧˊ,chūqí,名詞,7,common,ai,word,,,initial stage; beginning period,見出し語と同一
大使,大使,ㄉㄚˋ ㄕˇ,dàshǐ,名詞,7,common,ai,word,,,"ambassador; envoy; CL:名[ming2],位[wei4]",見出し語と同一
道士,道士,ㄉㄠˋ ㄕˋ,dàoshì,名詞,7,common,ai,word,,,Daoist priest,見出し語と同一
地表,地表,ㄉㄧˋ ㄅㄧㄠˇ,dìbiǎo,名詞,7,common,ai,word,,,the surface (of the earth),見出し語と同一
地獄,地獄,ㄉㄧˋ ㄩˋ,dìyù,名詞,7,common,ai,word,,,hell; infernal; underworld,見出し語と同一
地質,地質,ㄉㄧˋ ㄓˊ,dìzhí,名詞,7,common,ai,word,,,geology,見出し語と同一
電力,電力,ㄉㄧㄢˋ ㄌㄧˋ,diànlì,名詞,7,common,ai,word,,,electrical power; electricity,見出し語と同一
電流,電流,ㄉㄧㄢˋ ㄌㄧㄡˊ,diànliú,名詞,7,common,ai,word,,,an electric current; (old) current intensity,見出し語と同一
動機,動機,ㄉㄨㄥˋ ㄐㄧ,dòngjī,名詞,7,common,ai,word,,,motive; motivation,見出し語と同一
動脈,動脈,ㄉㄨㄥˋ ㄇㄞˋ,dòngmài,名詞,7,common,ai,word,,,artery,見出し語と同一
恩人,恩人,ㄣ ㄖㄣˊ,ēnrén,名詞,7,common,ai,word,,,a benefactor; a person who has significantly helped sb else,見出し語と同一
法令,法令,ㄈㄚˇ ㄌㄧㄥˋ,fǎlìng,名詞,7,common,ai,word,,,decree; ordinance,見出し語と同一
法人,法人,ㄈㄚˇ ㄖㄣˊ,fǎrén,名詞,7,common,ai,word,,,legal person; corporation; see also 自然人[zi4 ran2 ren2],見出し語と同一
肥料,肥料,ㄈㄟˊ ㄌㄧㄠˋ,féiliào,名詞,7,common,ai,word,,,fertilizer; manure,見出し語と同一
肺炎,肺炎,ㄈㄟˋ ㄧㄢˊ,fèiyán,名詞,7,common,ai,word,,,pneumonia; inflammation of the lungs,見出し語と同一
風力,風力,ㄈㄥ ㄌㄧˋ,fēnglì,名詞,7,common,ai,word,,,wind force; wind power,見出し語と同一
風水,風水,ㄈㄥ ㄕㄨㄟˇ,fēngshuǐ,名詞,7,common,ai,word,,,feng shui; geomancy,見出し語と同一
公費,公費,ㄍㄨㄥ ㄈㄟˋ,gōngfèi,名詞,7,common,ai,word,,,at public expense,見出し語と同一
公務,公務,ㄍㄨㄥ ㄨˋ,gōngwù,名詞,7,common,ai,word,,,official business,見出し語と同一
公務員,公務員,ㄍㄨㄥ ㄨˋ ㄩㄢˊ,gōngwùyuán,名詞,7,common,ai,word,,,civil servant; public servant,見出し語と同一
宮殿,宮殿,ㄍㄨㄥ ㄉㄧㄢˋ,gōngdiàn,名詞,7,common,ai,word,,,palace; CL:座[zuo4],見出し語と同一
果樹,果樹,ㄍㄨㄛˇ ㄕㄨˋ,guǒshù,名詞,7,common,ai,word,,,fruit tree; CL:棵[ke1],見出し語と同一
海面,海面,ㄏㄞˇ ㄇㄧㄢˋ,hǎimiàn,名詞,7,common,ai,word,,,the surface of the sea; ocean surface,見出し語と同一
化石,化石,ㄏㄨㄚˋ ㄕˊ,huàshí,名詞,7,common,ai,word,,,fossil,見出し語と同一
患者,患者,ㄏㄨㄢˋ ㄓㄜˇ,huànzhě,名詞,7,common,ai,word,,,patient; sufferer,見出し語と同一
彗星,彗星,ㄏㄨㄟˋ ㄒㄧㄥ,huìxīng,名詞,7,common,ai,word,,,comet,見出し語と同一
火力,火力,ㄏㄨㄛˇ ㄌㄧˋ,huǒlì,名詞,7,common,ai,word,,,fire; firepower,見出し語と同一
基地,基地,ㄐㄧ ㄉㄧˋ,jīdì,名詞,7,common,ai,word,,,"al-Qaeda ‖ base (of operations, industrial, militar",見出し語と同一
教官,教官,ㄐㄧㄠˋ ㄍㄨㄢ,jiàoguān,名詞,7,common,ai,word,,,military instructor,見出し語と同一
教員,教員,ㄐㄧㄠˋ ㄩㄢˊ,jiàoyuán,名詞,7,common,ai,word,,,teacher; instructor; CL:個|个[ge4],見出し語と同一
階層,階層,ㄐㄧㄝ ㄘㄥˊ,jiēcéng,名詞,7,common,ai,word,,,social class,見出し語と同一
階級,階級,ㄐㄧㄝ ㄐㄧˊ,jiējí,名詞,7,common,ai,word,,,(social) class; CL:個|个[ge4],見出し語と同一
金魚,金魚,ㄐㄧㄣ ㄩˊ,jīnyú,名詞,7,common,ai,word,,,goldfish,見出し語と同一
巨人,巨人,ㄐㄩˋ ㄖㄣˊ,jùrén,名詞,7,common,ai,word,,,giant,見出し語と同一
軍備,軍備,ㄐㄩㄣ ㄅㄟˋ,jūnbèi,名詞,7,common,ai,word,,,(military) arms; armaments,見出し語と同一
軍閥,軍閥,ㄐㄩㄣ ㄈㄚˊ,jūnfá,名詞,7,common,ai,word,,,military clique; junta; warlord,見出し語と同一
軍艦,軍艦,ㄐㄩㄣ ㄐㄧㄢˋ,jūnjiàn,名詞,7,common,ai,word,,,warship; military naval vessel; CL:艘[sou1],見出し語と同一
苦難,苦難,ㄎㄨˇ ㄋㄢˋ,kǔnàn,名詞,7,common,ai,word,,,suffering,見出し語と同一
列車,列車,ㄌㄧㄝˋ ㄔㄜ,lièchē,名詞,7,common,ai,word,,,(railway) train,見出し語と同一
鈴,鈴,ㄌㄧㄥˊ,líng,名詞,7,common,ai,word,,,(small) bell; CL:隻|只[zhi1],見出し語と同一
流域,流域,ㄌㄧㄡˊ ㄩˋ,liúyù,名詞,7,common,ai,word,,,river basin; valley; drainage area,見出し語と同一
陸地,陸地,ㄌㄨˋ ㄉㄧˋ,lùdì,名詞,7,common,ai,word,,,dry land (as opposed to the sea),見出し語と同一
倫理,倫理,ㄌㄨㄣˊ ㄌㄧˇ,lúnlǐ,名詞,7,common,ai,word,,,ethics,見出し語と同一
卵,卵,ㄌㄨㄢˇ,luǎn,名詞,7,common,ai,word,,,egg; ovum; spawn; (coll.) testicles; (old) penis,見出し語と同一
旅費,旅費,ㄌㄩˇ ㄈㄟˋ,lǚfèi,名詞,7,common,ai,word,,,travel expenses,見出し語と同一
眉毛,眉毛,ㄇㄟˊ ㄇㄠˊ,méimáo/méi,名詞,7,common,ai,word,,原表記: 眉毛/眉,eyebrow; CL:根[gen1],見出し語と同一
謎,謎,ㄇㄧˊ,mí,名詞,7,common,ai,word,,,"see 謎兒|谜儿[mei4 r5], riddle ‖ riddle",見出し語と同一
明日,明日,ㄇㄧㄥˊ ㄖˋ,míngrì,名詞,7,common,ai,word,,,tomorrow,見出し語と同一
免疫,免疫,ㄇㄧㄢˇ ㄧˋ,miǎnyì,状態動詞(形容詞),7,common,ai,word,,,immunity (to disease),見出し語と同一
民俗,民俗,ㄇㄧㄣˊ ㄙㄨˊ,mínsú,名詞,7,common,ai,word,,,popular custom,見出し語と同一
模範,模範,ㄇㄛˊ ㄈㄢˋ,mófàn,名詞,7,common,ai,word,,,model; fine example,見出し語と同一
末期,末期,ㄇㄛˋ ㄑㄧˊ,mòqí,名詞,7,common,ai,word,,,end (of a period); last part; final phase,見出し語と同一
墨,墨,ㄇㄛˋ,mò,名詞,7,common,ai,word,,,ink stick; China ink; CL:塊|块[kuai4],見出し語と同一
木材,木材,ㄇㄨˋ ㄘㄞˊ,mùcái,名詞,7,common,ai,word,,,wood,見出し語と同一
牧場,牧場,ㄇㄨˋ ㄔㄤˇ,mùchǎng,名詞,7,common,ai,word,,,pasture; grazing land; ranch,見出し語と同一
幕,幕,ㄇㄨˋ,mù,名詞,7,common,ai,word,,,curtain or screen; canopy or tent; headquarters of a general,見出し語と同一
難民,難民,ㄋㄢˋ ㄇㄧㄣˊ,nànmín,名詞,7,common,ai,word,,,refugee,見出し語と同一
農具,農具,ㄋㄨㄥˊ ㄐㄩˋ,nóngjù,名詞,7,common,ai,word,,,farm implements; farm tools,見出し語と同一
農作物,農作物,ㄋㄨㄥˊ ㄗㄨㄛˋ ㄨˋ,nóngzuòwù,名詞,7,common,ai,word,,,(farm) crops,見出し語と同一
派出所,派出所,ㄆㄞˋ ㄔㄨ ㄙㄨㄛˇ,pàichūsuǒ,名詞,7,common,ai,word,,,local police station,見出し語と同一
盆地,盆地,ㄆㄣˊ ㄉㄧˋ,péndì,名詞,7,common,ai,word,,,(geography) basin; depression,見出し語と同一
品種,品種,ㄆㄧㄣˇ ㄓㄨㄥˇ,pǐnzhǒng,名詞,7,common,ai,word,,,breed; variety; CL:個|个[ge4],見出し語と同一
鉛,鉛,ㄑㄧㄢ,qiān,名詞,7,common,ai,word,,,lead (chemistry),見出し語と同一
前科,前科,ㄑㄧㄢˊ ㄎㄜ,qiánkē,名詞,7,common,ai,word,,,criminal record; previous convictions,見出し語と同一
青春,青春,ㄑㄧㄥ ㄔㄨㄣ,qīngchūn,名詞,7,common,ai,word,,,youth; youthfulness,見出し語と同一
情報,情報,ㄑㄧㄥˊ ㄅㄠˋ,qíngbào,名詞,7,common,ai,word,,,information; intelligence,見出し語と同一
丘陵,丘陵,ㄑㄧㄡ ㄌㄧㄥˊ,qiūlíng,名詞,7,common,ai,word,,,hills,見出し語と同一
拳,拳,ㄑㄩㄢˊ,quán,量詞,7,common,ai,word,,,fist; boxing,見出し語と同一
染料,染料,ㄖㄢˇ ㄌㄧㄠˋ,rǎnliào,名詞,7,common,ai,word,,,dye,見出し語と同一
人手,人手,ㄖㄣˊ ㄕㄡˇ,rénshǒu,名詞,7,common,ai,word,,,manpower; staff; human hand,見出し語と同一
任期,任期,ㄖㄣˋ ㄑㄧˊ,rènqí,名詞,7,common,ai,word,,,term of office; CL:屆|届[jie4]; tenure (entire period in office),見出し語と同一
容量,容量,ㄖㄨㄥˊ ㄌㄧㄤˋ,róngliàng,名詞,7,common,ai,word,,,capacity; volume; quantitative (science),見出し語と同一
容器,容器,ㄖㄨㄥˊ ㄑㄧˋ,róngqì,名詞,7,common,ai,word,,,receptacle; vessel; (computing) container,見出し語と同一
散文,散文,ㄙㄢˇ ㄨㄣˊ,sǎnwén,名詞,7,common,ai,word,,,"(broadly) prose (as opposed to verse); (more narrowly) free-form literary prose, such as essays, sketches and reflection",見出し語と同一
山脈,山脈,ㄕㄢ ㄇㄞˋ,shānmài,名詞,7,common,ai,word,,,mountain range; CL:條|条[tiao2],見出し語と同一
傷口,傷口,ㄕㄤ ㄎㄡˇ,shāngkǒu,名詞,7,common,ai,word,,,wound; cut,見出し語と同一
上司,上司,ㄕㄤˋ ㄙ,shàngsī,名詞,7,common,ai,word,,,boss; superior,見出し語と同一
上旬,上旬,ㄕㄤˋ ㄒㄩㄣˊ,shàngxún,名詞,7,common,ai,word,,,first third of a month,見出し語と同一
生前,生前,ㄕㄥ ㄑㄧㄢˊ,shēngqián,名詞,7,common,ai,word,,,(of a deceased) during one's life; while living,見出し語と同一
生死,生死,ㄕㄥ ㄙˇ,shēngsǐ,名詞,7,common,ai,word,,,life or death,見出し語と同一
生態,生態,ㄕㄥ ㄊㄞˋ,shēngtài,名詞,7,common,ai,word,,,ecology,見出し語と同一
生物,生物,ㄕㄥ ㄨˋ,shēngwù,名詞,7,common,ai,word,,,organism; living creature; life form,見出し語と同一
石膏,石膏,ㄕˊ ㄍㄠ,shígāo,名詞,7,common,ai,word,,,gypsum CaSO4·2(H2O); plaster; plaster cast (for a broken bone),見出し語と同一
史料,史料,ㄕˇ ㄌㄧㄠˋ,shǐliào,名詞,7,common,ai,word,,,historical material or data,見出し語と同一
使節,使節,ㄕˇ ㄐㄧㄝˊ,shǐjié,名詞,7,common,ai,word,,,(diplomatic) envoy,見出し語と同一
使命,使命,ㄕˇ ㄇㄧㄥˋ,shǐmìng,名詞,7,common,ai,word,,,mission; long-term task to which one devotes oneself; a calling,見出し語と同一
事故,事故,ㄕˋ ㄍㄨˋ,shìgù,名詞,7,common,ai,word,,,"accident; CL:樁|桩[zhuang1],起[qi3],次[ci4]",見出し語と同一
水晶,水晶,ㄕㄨㄟˇ ㄐㄧㄥ,shuǐjīng,名詞,7,common,ai,word,,,crystal,見出し語と同一
水力,水力,ㄕㄨㄟˇ ㄌㄧˋ,shuǐlì,名詞,7,common,ai,word,,,hydraulic power,見出し語と同一
水源,水源,ㄕㄨㄟˇ ㄩㄢˊ,shuǐyuán,名詞,7,common,ai,word,,,water source; water supply; headwaters of a river,見出し語と同一
瞬間,瞬間,ㄕㄨㄣˋ ㄐㄧㄢ,shùnjiān,名詞,7,common,ai,word,,,in an instant; in a flash,見出し語と同一
他人,他人,ㄊㄚ ㄖㄣˊ,tārén,名詞,7,common,ai,word,,,another person; sb else; other people,見出し語と同一
痰,痰,ㄊㄢˊ,tán,名詞,7,common,ai,word,,,phlegm; spittle,見出し語と同一
陶器,陶器,ㄊㄠˊ ㄑㄧˋ,táoqì,名詞,7,common,ai,word,,,pottery,見出し語と同一
天敵,天敵,ㄊㄧㄢ ㄉㄧˊ,tiāndí,名詞,7,common,ai,word,,,predator; natural enemy,見出し語と同一
天災,天災,ㄊㄧㄢ ㄗㄞ,tiānzāi,名詞,7,common,ai,word,,,natural disaster,見出し語と同一
胃,胃,ㄨㄟˋ,wèi,名詞,7,common,ai,word,,,stomach; CL:個|个[ge4],見出し語と同一
文壇,文壇,ㄨㄣˊ ㄊㄢˊ,wéntán,名詞,7,common,ai,word,,,literary circles,見出し語と同一
武力,武力,ㄨˇ ㄌㄧˋ,wǔlì,名詞,7,common,ai,word,,,military force,見出し語と同一
物品,物品,ㄨˋ ㄆㄧㄣˇ,wùpǐn,名詞,7,common,ai,word,,,articles; goods,見出し語と同一
物資,物資,ㄨˋ ㄗ,wùzī,名詞,7,common,ai,word,,,goods; supplies,見出し語と同一
誤差,誤差,ㄨˋ ㄔㄚ,wùchā,名詞,7,common,ai,word,,,difference; error; inaccuracy,見出し語と同一
西洋,西洋,ㄒㄧ ㄧㄤˊ,xīyáng,名詞,7,common,ai,word,,,the West (Europe and North America); countries of the Indian Ocean (traditional),見出し語と同一
下水道,下水道,ㄒㄧㄚˋ ㄕㄨㄟˇ ㄉㄠˋ,xiàshuǐdào,名詞,7,common,ai,word,,,sewer,見出し語と同一
下旬,下旬,ㄒㄧㄚˋ ㄒㄩㄣˊ,xiàxún,名詞,7,common,ai,word,,,last third of the month,見出し語と同一
憲法,憲法,ㄒㄧㄢˋ ㄈㄚˇ,xiànfǎ,名詞,7,common,ai,word,,,constitution (of a country); CL:部[bu4],見出し語と同一
星座,星座,ㄒㄧㄥ ㄗㄨㄛˋ,xīngzuò,名詞,7,common,ai,word,,,constellation; astrological sign,見出し語と同一
行政,行政,ㄒㄧㄥˊ ㄓㄥˋ,xíngzhèng,名詞,7,common,ai,word,,,administration; (attributive) administrative; executive,見出し語と同一
刑事,刑事,ㄒㄧㄥˊ ㄕˋ,xíngshì,名詞,7,common,ai,word,,,criminal; penal,見出し語と同一
胸,胸,ㄒㄩㄥ,xiōng,名詞,7,common,ai,word,,,chest; bosom; heart,見出し語と同一
芽,芽,ㄧㄚˊ,yá,名詞,7,common,ai,word,,,bud; sprout,見出し語と同一
岩石,岩石,ㄧㄢˊ ㄕˊ,yánshí,名詞,7,common,ai,word,,,rock,見出し語と同一
燕,燕,ㄧㄢˋ(ㄗ˙),yàn(zi),名詞,7,common,ai,word,,原表記: 燕(子),"Yan, a vassal state of Zhou in present-day Hebei and Liaoning; north Hebei; the four Yan kingdoms of the Sixteen Kingdom ‖ swallow (family Hirundinidae)",見出し語と同一
窯,窯,ㄧㄠˊ,yáo,名詞,7,common,ai,word,,,kiln; oven; coal pit,見出し語と同一
遺志,遺志,ㄧˊ ㄓˋ,yízhì,名詞,7,common,ai,word,,,"the mission in life of a deceased person, left to others to carry on",見出し語と同一
翌日,翌日,ㄧˋ ㄖˋ,yìrì,名詞,7,common,ai,word,,,next day,見出し語と同一
議員,議員,ㄧˋ ㄩㄢˊ,yìyuán,名詞,7,common,ai,word,,,member (of a legislative body); representative,見出し語と同一
銀色,銀色,ㄧㄣˊ ㄙㄜˋ,yínsè,名詞,7,common,ai,word,,,silver (color),見出し語と同一
油田,油田,ㄧㄡˊ ㄊㄧㄢˊ,yóutián,名詞,7,common,ai,word,,,oil field,見出し語と同一
雨季,雨季,ㄩˇ ㄐㄧˋ,yǔjì,名詞,7,common,ai,word,,,rainy season,見出し語と同一
宇宙,宇宙,ㄩˇ ㄓㄡˋ,yǔzhòu,名詞,7,common,ai,word,,,universe; cosmos; space,見出し語と同一
原子,原子,ㄩㄢˊ ㄗˇ,yuánzǐ,名詞,7,common,ai,word,,,atom; atomic,見出し語と同一
正統,正統,ㄓㄥˋ ㄊㄨㄥˇ,zhèngtǒng,名詞,7,common,ai,word,,,"Zhengtong Emperor, reign name of sixth Ming Emperor Zhu Qizhen 朱祁鎮|朱祁镇[Zhu1 Qi2 zhen4] (1427-1464), reigned 1435-1449, t ‖ orthodoxy; tradition",見出し語と同一
正義,正義,ㄓㄥˋ ㄧˋ,zhèngyì,名詞,7,common,ai,word,,,justice; righteousness; just,見出し語と同一
脂肪,脂肪,ㄓ ㄈㄤˊ,zhīfáng,名詞,7,common,ai,word,,,"fat (in the body, in a plant, or in food)",見出し語と同一
指紋,指紋,ㄓˇ ㄨㄣˊ,zhǐwén,名詞,7,common,ai,word,,,"fingerprint; the arches, loops and whorls on the fingers",見出し語と同一
治安,治安,ㄓˋ ㄢ,zhìān,名詞,7,common,ai,word,,,law and order; public security,見出し語と同一
製品,製品,ㄓˋ ㄆㄧㄣˇ,zhìpǐn,名詞,7,common,ai,word,,,products; goods,見出し語と同一
中旬,中旬,ㄓㄨㄥ ㄒㄩㄣˊ,zhōngxún,名詞,7,common,ai,word,,,middle third of a month,見出し語と同一
中庸,中庸,ㄓㄨㄥ ㄩㄥ,zhōngyōng,状態動詞(形容詞),7,common,ai,word,,,"the Doctrine of the Mean, one of the Four Books 四書|四书[Si4 shu1] ‖ golden mean (Confucianism)",見出し語と同一
柱,柱,ㄓㄨˋ(ㄗ˙),zhù(zi),名詞,7,common,ai,word,,原表記: 柱(子),pillar; CL:根[gen1],見出し語と同一
子孫,子孫,ㄗˇ ㄙㄨㄣ,zǐsūn,名詞,7,common,ai,word,,,offspring; posterity,見出し語と同一
紫外線,紫外線,ㄗˇ ㄨㄞˋ ㄒㄧㄢˋ,zǐwàixiàn,名詞,7,common,ai,word,,,ultraviolet ray,見出し語と同一
自治,自治,ㄗˋ ㄓˋ,zìzhì,自動詞,7,common,ai,word,,,autonomy,見出し語と同一
